Фраза,кол-во,Запросы сред. [GA]

L1: Мойка и Экстерьер,24/338,


средство для мойки авто,,70
химия для мойки,,70
химия для мойки машины,,50
автохимия для мойки,,50
автохимия для мойки авто,,50
химия для мойки автомобиля,,20
автохимия для мойки автомобиля,,20
средство для мойки автомобиля,,10
химия для мойки автомобиля цена,,10
средство для мойки машин,,10
химия для мойки авто цена,,10
профессиональная химия для мойки авто,,10
купить химию для мойки авто,,260
купить автохимию для мойки авто,,20
жидкость для мойки авто,,10
жидкость для мойки автомобиля,,10
купить химию для мойки авто в украине,,10
купить химию для мойки машин,,10

химия для мойки авто украина,,0
моющее средство для мойки авто,,0
автомосметика и автохимия для мойки авто,,0
шампунь для авто,,480
шампунь для мойки авто,,110
шампунь для автомойки,,50
шампунь для моек высокого давления,,50
шампунь для мойки,,20
купить автошампунь,,20
шампунь для мойки машины,,20
купить шампунь для мойки авто,,10
шампунь для машины,,10
шампунь для машини,,10
купить шампунь для авто,,10
автомобильный шампунь,,10
купить шампунь для автомойки,,10
купить шампунь для автомобиля,,10
шампунь для минимойки,,10
шампунь для автомойки высокого давления,,10

L2: Автошампуни,5/59,

L3: Шампуни для ручной мойки,,
автошампунь для ручной мойки,,390
автомобильный шампунь для ручной мойки,,70
купить автошампунь для ручной мойки,,20
шампунь для ручной мойки,,10
для ручной мойки шампунь для мойки кузова авто,,0


L3: Активная пена,52,
пена для мойки автомобиля,,1300
пена для мойки авто,,1300
активная пена для мойки авто,,1000
активная пена для мойки автомобиля,,880
активная пена,,720
купить пену для мойки авто,,590
активная пена для бесконтактной мойки,,320
купить активная пена,,260
купить активную пену для мойки авто,,210
купить активную пену для мойки автомобиля,,170
шампунь для бесконтактной мойки,,110
купить активную пену для минимойки,,100
шампунь для бесконтактной мойки авто,,90
пена для автомобиля,,90
пена для авто,,90
пена для мытья машины,,90
шампунь для бесконтактной мойки автомобилей,,70
пена для бесконтактной мойки,,70
пена для минимойки,,70
активная пена для авто,,50
активная пена для мойки,,50
пена для мойки машины,,50
пена для автомойки,,40
пена для машины,,40
купить активную пену для бесконтактной мойки,,40
пена для бесконтактной мойки автомобилей,,30
купить бесконтактную пену,,30
пена для бесконтактной мойки авто,,30
купить пену для мытья машины,,30
купить пену для мойки высокого давления,,30
купить пену для мойки,,30
пена для мытья автомобиля,,20
пена для мытья авто,,20
купить пену для автомойки,,20
купить пену для бесконтактной мойки,,20
активная пена для мойки машин,,20
бесконтактная пена,,20
бесконтактная пена для автомойки,,20
купить пену для мойки машин,,20
купить активную пену для мойки,,20
бесконтактная химия для автомойки,,20
пена для мойки автомобиля купить,,10
активная пена для автомойки,,10
активная пена для мытья машины,,10
профессиональная пена для мойки авто,,10
бесконтактная пена для автомобилей,,10
купить активную пену для мойки машин,,10
активная пена цена,,10
купить пену для бесконтактной мойки автомобиля,,10
купить пену для машины,,0
активная пена для мойки автомобиля цена,,0
купить активную пену для мытья автомобиля,,0
SEO-Фильтр: Кислотный,2,
кислотный шампунь для авто,,70
кислотный автошампунь,,20

L2: Средства для стекол,3/59,

L3: Омыватель,35,
омыватель стекла зимний,,1000
омыватель стекла,,720
зимний омыватель,,320
омыватель,,260
купить омыватель стекла зимний,,170
купить омыватель стекол зимний,,170
омыватель стекла летний,,140
омыватель лобового стекла,,110
стеклоомыватель,,110
купить омыватель стекла,,50
омыватель для стекол,,50
купить зимний омыватель,,40
омыватель летний,,40
стеклоомыватель зимний,,40
омыватель для машины,,30
омыватель заднего стекла,,20
купить омыватель,,20
омыватель стекол купить,,20
зимние омыватели стекол,,10
жидкость стеклоомыватель для автомобиля,,10
омыватели стекла цена,,10
купить омыватель стекла авто,,10
стеклоомыватель цена,,10
стеклоомыватель в машине,,10
купить стеклоомыватель для авто,,10
стеклоомыватель для автомобиля,,10
летний омыватель купить,,10
летний стеклоомыватель,,10
зимний стеклоомыватель купить,,10
купить стеклоомыватель,,10
омыватель стекла антимошка,,10
омывайка антимошка,,10
стеклоомыватель зимний цена,,10
стеклоомыватель украина,,0
купить стеклоомыватель цены,,0
L3: Антидождь,11,
средство антидождь купить,,1000
антидождь авто купить,,700
антидождь для автомобиля,,320
антидождь цена,,200
купить антидождь,,110
антидождь для авто,,80
антидождь для зеркал авто,,20
антидождь на лобовое стекло,,10
покрытие для лобового стекла,,10
купить антидождь для стекол авто,,10
антидождь для авто украина,,10
L3: Очистители стекол,13,
очиститель стекла авто,,170
средство для стекол авто,,20
средство для автомобильных стекол,,20
средство для очистки стекол авто,,10
средство для очистки стекол автомобиля,,10
средство для очистки автомобильных стекол,,10
жидкость для очистки стекол автомобиля,,10
средство для чистки стекол авто,,10
средство для чистки стекол автомобиля,,10
очиститель стекол автомобиля,,10
очиститель заднего стекла автомобиля,,10
очиститель стекла для автомобиля,,10
очиститель лобового стекла,,10
полироль для стекла,,590
полироль для стекла авто,,70
полироль для стекол автомобиля,,70
полироль для автостекла,,60
средство для полировки лобового стекла,,30
купить полироль для стекла авто,,10
средство для полировки стекол автомобиля,,10

L2: Очистители кузова,4/64,

L3: Глина и автоскрабы,39,
глина для авто,,390
синяя глина для авто,,140
автоскраб,,90
глина для чистки авто,,50
глина для чистки автомобиля,,40
голубая глина для авто,,20
автомобильная глина,,20
глина для кузова автомобиля,,20
глина для полировки автомобиля,,20
глина для кузова авто,,20
купить синюю глину для авто,,20
глина для полировки авто,,20
автоскраб купить,,20
глина для полировки,,10
глина для кузова,,10
глина для мойки авто,,10
глина для удаления загрязнений автомобиля,,10
глина для чистки машины,,10
очищающая глина для кузова автомобиля,,10
глина для очистки кузова автомобиля,,10
глина для очистки авто,,10
глина для очистки кузова авто,,10
очищающая глина для авто,,10
купить глину для автомобиля,,10
глина для очистки кузова автомобиля купить,,10
купить глину для полировки авто,,10
купить глину для очистки авто,,10
авто глина купить,,10
глина для полировки автомобиля купить,,10
полимерная глина для авто,,10
глина для очистки кузова,,10
глина для машины,,10
глина для мытья машины,,10
глина для очистки автомобиля,,10
полировочная глина для авто,,10
глина для авто цена,,0
глина для чистки авто купить,,0
глина автоскраб,,0
глина для авто украина,,0
категория,15,
очиститель кузова авто,,70
очиститель кузова автомобиля,,70
автохимия для кузова,,50
очиститель кузова,,40
средство для очистки кузова авто,,20
средство для очистки кузова автомобиля,,10
автохимия очиститель кузова,,10
купить очиститель кузова,,10
купить очиститель кузова автомобиля,,10
универсальный очиститель кузова,,10
химия для кузова авто,,10
химия для кузова автомобиля,,10
автокосметика для кузова,,10
очистители кузова цена,,0
универсальный очиститель для кузова авто,,0

L3: Обезжириватели,14,
обезжириватель для авто,,590
купить обезжириватель для авто,,70
купить обезжириватель для автомобиля,,70
обезжириватель для кузова авто,,30
обезжириватель для авто перед полировкой,,20
обезжириватель кузова перед полировкой,,10
обезжириватель кузова перед мойкой,,10
обезжириватель для полировки авто,,10
обезжириватель автомобильный купить,,10
обезжириватель для авто цена,,10
обезжириватель автомобильный,,10
обезжириватель кузова автомобиля,,10
обезжириватель для машины,,10
обезжириватель для кузова,,10

L3: Антимошка,6,
антимошка,,320
антимошка для авто,,320
антимошка на мойке,,30
антимошка на мойке самообслуживания,,20
концентрат антимошка,,20
антимошка спрей,,10
L3: Антибитум,3,
купить антибитум для авто,,20
антибитум купить,,10
антибитум цена,,10
L3: Уход за наружным пластиком,3,
,,
полироль для наружного пластика автомобиля,,40
полироль для наружного пластика авто,,40
полироль для наружного пластика,,10

L2: Средства для дисков и шин,4/57,

L3: Чернители шин,24,
чернитель резины,,1000
чернение резины,,390
полироль для колес,,170
полироль для шин,,90
средства для чернения шин,,90
купить чернитель резины,,70
чернитель колёс,,50
чернение колес,,40
полироль для резины,,30
чернитель шин купить,,20
полироль для резины автомобиля,,20
средство для резины,,10
средства для чернения резины,,10
средство для чернения резины купить,,10
средство для ухода за шинами,,10
средства для ухода за резиной автомобиля,,10
средство для ухода за резиной,,10
средства для шин,,10
купить средство для чернения шин,,10
средство для обработки шин,,10
средство для шин авто,,10
средство для натирания шин,,10
купить средство для шин машины,,0
средство для блеска шин,,0
L3: Очистители дисков,27,
химия для дисков,,70
средства для чистки дисков,,50
средство для дисков,,20
средство для чистки дисков автомобиля,,20
химия для чистки дисков,,20
химия для мойки дисков,,20
химия для дисков автомобиля,,20
очиститель дисков,,20
химия для дисков авто,,20
средство для мойки дисков,,20
средство для мытья дисков автомобиля,,20
очиститель колесных дисков,,10
средство для очистки дисков авто,,10
средство для чистки дисков авто,,10
очиститель дисков авто,,10
средство для очистки дисков,,10
средство для очистки дисков автомобиля,,10
жидкость для чистки дисков,,10
химия для чистки колесных дисков,,10
средство для мойки литых дисков,,10
средство для чистки автомобильных дисков,,10
средства для чистки колесных дисков,,10
средство для чистки литых дисков,,10
купить средство для чистки дисков авто,,0
средство для чистки дисков колес,,0
купить средство для чистки дисков,,0
цена средства для чистки дисков авто,,0
L3: Очистители шин,4,
очиститель шин,,70
очиститель резины,,10
средство для чистки шин,,10
средство для очистки резины,,10
L3: Керамика для дисков,,
,,
защитное покрытие для дисков,,10
защитное покрытие для литых дисков,,10
Защитные покрытие для колес,,

L2: Очистители двигателя,44,

очиститель двигателя,,480
средства для мойки двигателя,,260
очиститель двигателя от масла и грязи,,210
средство для мытья двигателя,,140
очиститель двигателя от масляных загрязнений,,110
купить химию для мойки двигателя,,90
купить очиститель двигателя,,50
средство для мытья двигателя от масла,,20
жидкость для мытья двигателя,,20
средство для мытья мотора,,20
средство для очистки двигателя,,20
средство для очистки двигателя от масла,,20
очиститель двигателя от масла,,20
средство для очистки двигателя снаружи,,20
очиститель двигателя наружный,,20
средства для мытья двигателя автомобиля,,10
моющее средство для двигателя автомобиля,,10
средство для мытья двигателя авто,,10
средства для мойки двигателя автомобиля,,10
очиститель двигателя цена,,10
для очистки двигателя,,10
очиститель поверхности двигателя,,10
очиститель двигателя автомобиля,,10
купить средство для очистки двигателя,,10
жидкость для очистки двигателя,,10
мощный очиститель двигателя,,10

химия для мойки двигателя,,320
химия для мотора,,70
химия для очистки двигателя снаружи,,40
химия для мойки мотора,,40
профессиональная химия для мойки двигателя,,40
химия для чистки двигателя,,20
автохимия для двигателя,,20
купить средство для мойки двигателя,,20
химия для очистки двигателя,,20
средство для мойки двигателя от масла,,20
химия для мойки деталей двигателя,,20
автохимия для очистки двигателя,,10
химия для мойки двигателя цена,,10
моющее средство для мойки двигателя,,10
химия для мытья двигателя,,10
химия для двигателя,,10
средство для мойки двигателя цена,,10
средство для мойки двигателя авто,,10

L1: Аксессуары,34/232,

аксессуары для мойки авто,,50
все для мойки авто,,50
все для мойки автомобилей,,40
аксессуары для детейлинга,,20
аксессуары для автомоек,,20
аксессуары по уходу за автомобилем,,10
все для мойки машины,,10
инвентарь для мойки авто,,10
принадлежности для мойки авто,,10



L2: Малярний Скотч,18,

малярные скотчи,,4400
малярный скотч,,4400
скотч малярний,,1000
купить малярный скотч,,210
малярный скотч цена,,70
малярная лента,,50
малярная лента купить,,50
малярный скотч 10мм,,40
малярный скотч 10 мм,,30
малярный скотч 1 см купить,,20
скотч малярный автомобильный,,20
малярский скотч,,10
малярный скотч стоимость,,10
скотч малярный купить в украине,,10
купить малярную клейкую ленту,,10
купить малярный скотч для авто,,10
малярный скотч для авто,,10
малярный скотч широкий,,10

L2: Микрофибра и тряпки,11/82,

микрофибра для авто,,1300
тряпка микрофибра для авто,,90
микрофибра для стекла авто,,30
микрофибра для машины,,30
тряпка из микрофибры для автомобиля,,20
салфетка из микрофибры для авто,,20
фибра для авто,,10
тряпка для авто без разводов,,260
купить тряпку для авто,,70
тряпки для мытья машины,,70
тряпка для машины после мойки,,50
тряпки для автомойки,,40
тряпки для мытья автомобиля,,20
тряпка для вытирания машины,,20
тряпка для протирки авто после мойки купить,,20
тряпка для мытья авто,,10
лучшие тряпки для авто,,10
тряпка для машины без разводов,,10
купить тряпки для автомойки,,10
тряпка для автомобиля без разводов,,10
тряпка для вытирания машины после мойки,,10
микрофибра для полировки авто,,50
микрофибра для мойки авто,,20
микрофибра для автомобиля купить,,20
купить микрофибру для авто,,20
микрофибра для мойки автомобиля,,20
микрофибра для мытья машины,,10
микрофибра для протирки авто,,10
микрофибра для машины купить,,0


тряпка для авто,35,
тряпка для авто,,1300
тряпки для автомобиля,,1300
тряпки для машины,,260
тряпочки для машины,,210
тряпки для сушки авто,,170
тряпки для сушки автомобиля,,170
влаговпитывающая тряпка для авто,,110
тряпка для мойки авто,,90
купить тряпку для мойки автомобиля,,90
купить тряпку для мойки авто,,90
купить тряпку для сушки авто,,50
набор тряпок для автомобиля,,50
профессиональная тряпка для авто,,40
автомобильные тряпки,,40
тряпки для мойки автомобиля,,40
тряпка для кузова авто,,30
тряпки для мойки машин,,30
тряпка для салона автомобиля,,30
тряпка для салона авто,,20
тряпка для протирки авто,,20
профессиональные тряпки для мытья машины,,20
тряпка для протирки автомобиля,,20
тряпка для панели авто,,10
тряпка для мытья машины цена,,10
тряпка для протирки машины,,10
тряпка для автомобиля купить,,10
купити тряпку для авто,,10
супер тряпка для авто,,10
тряпка для машины цена,,10
тряпка микрофибра для машины,,10
тряпка для сушки машины,,10
купить тряпку для мытья машины,,10
тряпка для полировки машины,,10
впитывающая тряпка для авто,,10
набор тряпок для мойки авто,,10
полотенце микрофибра для авто,,
микрофибра для сушки авто,,170
полотенце микрофибра для авто,,40
супер впитывающая тряпка для авто,,
набор тряпок для авто,,50
супер впитывающая тряпка для авто,,40
тряпка для мытья машины без воды,,10
тряпка мыть машину,,10
SEO-Фильтр: Для стекол,5,
тряпка для стекла автомобиля,,50
тряпка для стекол авто,,20
тряпка для стекол автомобиля,,20
тряпка для стекол машины,,10
тряпка для автомобильных стекол,,10
тряпка для вытирания авто после мойки,5,
тряпка для вытирания авто после мойки,,30
купить тряпку для машины,,20
тряпка для вытирания авто,,10
купить салфетку для авто,,10
салфетки для протирки авто,,10

L2: Щетки и кисти,9/48,

щетка для мойки авто,11,
щетка для мойки авто,,480
купить щетку для мойки авто,,210
купить щетку для мойки автомобиля,,210
щетка для мытья авто,,140
мягкие щетки для мытья машины,,110
купить щетку для мытья машины,,90
щетка для мытья автомобиля,,90
щетки для мойки машины,,70
купить щетку для мытья авто,,30
купить щетку для мытья автомобиля,,30
купить щетку для мойки машины,,10
щетка для мытья машины,,
щетка для мытья машины,,390
щетка для мытья машины цена,,10
щетки для мойки автомобилей,,0
щетка для дисков авто,,
щетка для мытья дисков авто,,10
L3: Кисти для детейлинга,5,
щетка для детейлинга,,210
набор щеток для детейлинга,,40
купить щетки для детейлинга,,10
щетки для детейлинга авто,,10
купить кисти для детейлинга,,10
щетка для чистки салона автомобиля,,70
щетка для чистки салона авто,,70
щетки для химчистки авто,,50
щетка для чистки салона,,20
щетка для чистки сидений авто,,20
щетка для салона авто,,
щетка для салона авто,,40
щетка для чистки кожи авто,,20
купить щетки для чистки кожи в авто,,20
щетка для кожи авто,,20
щетка для дисков авто,,50
кисточки для мойки авто,,
кисточка для чистки салона авто,,20
кисточки для химчистки авто,,20
кисти для детейлинга,,10
кисти для мойки авто,,
кисти для мойки авто,,10
купить кисточки для детейлинга,,40
кисточка для авто,,20
кисточка для автомобилей,,20
кисточка для машины,,10
кисточки для детейлинга,,10
кисточки для детейлинга авто,,10
кисточки для мойки авто,,10
кисточки для мытья машины,,10

L2: Губки и варежки,37,

мочалка для автомобиля,,320
мочалка для авто,,320
губка для авто,,110
губки для автомобиля,,110
мочалка для машины,,90
перчатка для мойки авто,,90
перчатка для мойки автомобиля,,90
губка для мойки авто,,70
губки для мытья машины,,70
губки для мойки автомобиля,,70
мочалка для мойки автомобиля,,70
мочалки для мойки авто,,70
губка для машины,,50
варежка для мойки авто,,40
варежка для мойки автомобиля,,40
мочалка для мытья машины,,30
купить мочалку для мойки авто,,30
перчатка для мытья машины,,30
губка для мытья машины купить,,10
губка для машины купить,,10
купить губку для автомобиля,,10
мочалка автомобильная,,10
купить губку для мойки авто,,10
губка для мытья автомобиля купить,,10
губки автомобильные,,10
губка для мойки машины,,10
губка для мойки автомобиля купить,,10
губка для мытья авто,,10
большая губка для мытья авто,,10
губки для мытья автомобиля,,10
мочалка для авто цена,,0
мочалка для профессиональной мойки автомобилей,,0
купить мочалку для авто,,0
купить мочалку для мытья авто,,0
мочалка для мытья авто,,0
мочалки для мойки автомобиля купить,,0
мочалка для мытья автомобиля,,0

L2: Распылители и пенники,25,

помповый распылитель для мойки авто,,260
пенообразователи для мойки,,260
купить пенообразователь для мойки в украине,,80
пенообразователь для мойки высокого давления,,70
распылитель для мойки авто,,50
купить пенообразователь для мойки высокого давления,,40
распылитель пены для мойки,,30
ручной распылитель для мойки авто,,30
купить пенообразователь для мойки авто,,30
купить распылитель для воды,,20
помповый распылитель для авто,,20
авто триггер,,10
пенник для минимойки,,10
пенники для моек высокого давления,,10
распылитель для воды,,10
распылитель воды для мойки авто,,10
распылитель для машины,,10
распылитель пены для автомойки,,10
распылитель пены для мойки авто,,10
авто распылитель,,10
распылитель воды для авто,,10
распылитель для мойки машины,,10
распылитель для мытья машины,,10
пенник для мойки автомобиля,,0
пенообразователь для минимойки,,0

L2: Аксессуары для нанесения средств,8,

губка для полировки автомобиля,,170
губка для полировки авто,,170
тряпки для полировки авто,,50
салфетки для полировки авто,,20
аппликатор для авто,,30
купить губку для полировки авто,,20
губка из микрофибры для авто,,10
губка для ручной полировки авто,,10
губка для салона авто,,10
полировочная губка для авто,,10
L2: Ведра и емкости,5,

ведро для мойки автомобиля,,90
ведра для мойки авто,,90
ведро для мытья машины,,10
купить ведро для мойки авто,,10
ведро для мойки автомобиля купить,,0

L2: Наборы,5/0,

L3: Наборы для мойки,,
наборы для ухода за автомобилем,,170
набор для ухода за авто,,170
набор для ухода за салоном автомобиля,,50
набор для уборки автомобиля,,20
набор для уборки машины,,20
набор для мойки авто,,210
набор для мойки автомобиля,,30
набор для мойки машины,,30
купить набор для мойки автомобиля,,10
набор для мытья автомобиля,,10
наборы автокосметики,,40
набор химии для автомобиля,,10
авто набор в машину,,20
набор для чистки машины,,20
наборы для авто,,390
купить набор для авто,,20
набор для чистки автомобиля,,50
набор для ухода за машиной,,50
подарочный набор для ухода за автомобилем,,10
набор тряпок для машины,,10
набор салфеток для автомобиля,,10
L3: Наборы для салона,,
наборы для детейлинга,,260
набор для детейлинга авто,,40
набор для детейлинга салона,,30
набор для детейлинга салона авто,,30
купить набор для детейлинга,,20
набор для химчистки автомобиля,,170
набор для химчистки салона,,140
набор для химчистки авто,,140
набор для чистки салона автомобиля,,110
набор для химчистки салона авто,,20
набор для чистки салона авто,,140
набор кисточек для детейлинга,,30
набор кистей для детейлинга,,10
набор для салона автомобиля,,20
набор щеток для химчистки авто,,10
SEO-Фильтр: Подарочный,,
подарочные наборы для мужчин в машину,,140
подарочные наборы в машину,,90
подарочные наборы для автомобилиста,,90
набор для автомобилиста подарок,,30
подарочные наборы для автомобиля,,10
подарочный набор для авто,,20

L2: Оборудование,3/36,

оборудование для химчистки авто,,90
оборудование для моек авто,,10
оборудование для мойки автомобилей,,10
оборудование для мойки автомобилей цены,,10
оборудование для мойки машин цены,,10
оборудование для химчистки авто купить,,10
оборудование для химчистки авто цена,,10
оборудование для химчистки машины,,10
оборудование для химчистки салонов авто,,10
оборудование для чистки салона автомобиля,,10
оборудование химчистки автомобиля,,10
L3: Аппараты Tornador,25,
торнадор,,3600
купить торнадор,,390
торнадор для химчистки авто,,260
торнадор химчистка,,210
tornador,,140
купить торнадор для химчистки,,90
купить торнадор для химчистки салона,,50
торнадор профессиональный купить,,50
купить tornador,,40
торнадор для химчистки салона,,30
торнадор для химчистки авто купить,,10
цена торнадор для химчистки,,10
tornador купить в украине,,10
торнадор цена,,10
tornador цена,,10
торнадо для чистки салона,,10
торнадор купить в украине,,10
торнадо для химчистки,,10
tornador химчистка,,10
чистка салона tornador,,10
торнадо для химчистки салона,,10
аппарат для химчистки tornador,,10
торнадор для чистки салона автомобиля,,10
купить tornador в україні,,0
профессиональная химчистка салона авто tornador,,0
купить оборудование для мойки автомобилей,,

L1: Полировка,9/128,


L2: Полировальные машинки,1/46,
оборудование для полировки автомобиля,,10

полировочная машинка,,8100
купить полировочную машинку,,880
купить полировочную машинку для авто,,320
полировальная машина для полировки авто,,260
полировочная машинка для полировки авто,,260
купить машинку для полировки авто,,210
купить полировочную машину,,110
машина для полировки авто,,90
машина для полировки автомобиля,,90
купить полировочную машинку для автомобиля,,70
купить полировальную машинку для авто в украине,,50
полировочные машинки для авто,,40
полировальные машинки для авто,,40
полировальные машинки для автомобиля,,40
машина для полировки,,40
машинка для полировки кузова,,30
машинка для полировки кузова авто,,30
машинка для полировки машины,,30
полировальная машина для автомобиля,,20
полироль машинка,,20
полировальная машина для авто,,20
полировочная машинка цена,,20
купить машинку для полировки кузова авто,,20
купить машинку для полировки кузова автомобиля,,20
купить машинку для полировки автомобиля,,10
полировочная машинка для автомобиля,,10
купить полировочную машину для авто,,10
полировочная машинка для машины,,10
машинка для полировки,,10
машинка для полировки автомобилей,,10
полировочная машинка для автомобиля цена,,10
полировочные машины,,10
машинка для полировки авто,,10
купить полировочная машинка в украине,,10
купить полировочную машинку для авто в украине,,10
купить полировочную машину для автомобиля,,10
полировочные машинки для авто цены,,10
полировочная машинка для детейлинга,,10
SEO-Фильтр: Аккумуляторная,8,
аккумуляторная полировальная машина,,260
полировальная машина на аккумуляторе,,260
полировальная машинка на аккумуляторе,,260
аккумуляторная полировальная машина для авто,,90
купить аккумуляторную полировальную машинку,,20
полировальная машина для авто на аккумуляторе,,20
полировочная машинка на аккумуляторе,,10
машинка для полировки авто на аккумуляторе,,10

L2: Полировальные пасты,32,

полировочная паста,,1600
полировочная паста для авто,,590
паста для полировки,,320
полировочная паста для авто от царапин,,260
купить пасту для полировки авто,,260
полировочная паста для автомобиля,,170
купить полировочную пасту,,140
купить полировочную пасту для автомобиля,,110
купить полировочную пасту для авто,,110
купить полировальную пасту для автомобиля,,80
полировальная паста купить,,60
купить полировальную пасту для авто,,50
паста для автомобиля,,50
паста для полировки кузова,,40
полироль паста для авто,,30
полировочная паста для кузова авто,,20
полировальная паста для автомобиля,,20
купить пасту для полировки автомобиля,,20
паста для полировки кузова автомобиля,,20
паста для полировки машины,,20
паста для полировки кузова авто,,20
пасты полировальные для авто,,20
полировочная паста для кузова,,20
полировочная паста для кузова автомобиля,,20
полировальная паста для кузова автомобиля,,20
пасты для полировки авто,,20
полировальная паста,,20
полировочная паста для машины,,10
полировочная паста для авто цена,,10
паста для полировки автомобиля,,10
паста авто,,10
паста для полировки авто машинкой,,10

набор паст для полировки авто,,20
L2: Полировальные круги,3/34,
круг для полировки авто,,720
круги для полировки автомобиля,,590
круги для полировки,,480
полировальные круги,,390
круги для полировальной машины,,90
купить круг для полировки авто,,70
купить круг для полировки автомобиля,,70
полировальные круги для автомобиля,,40
круги для полировальной машинки,,40
круг полировальный на липучке,,40
полировальные круги для полировки автомобиля,,40
купить полировальные круги,,30
купить полировальный круг для авто,,30
полировальные круги для авто,,30
круг для полировки кузова,,30
купить полировальный круг в украине,,30
купить круг для полировки,,20
полировочные круги,,10
круг для полировки авто цена,,10
полировочный круг для машины,,10
круги для полировки машины,,10
полировальные круги для полировки авто,,10
купить в украине круги для полировки,,10
круг для полировки на машинку,,10
полировочные круги на липучке,,10
круги на полировочную машинку,,10
полировочные круги для авто,,10
поролоновый круг для полировки купить,,10
диск полировочный,,10
диск для полировки авто,,10
диск для полировки автомобиля,,10
полировальные круги для авто цена,,0

диски для полировки,,10
набор кругов для полировки авто,,30
L3: Меховые,2,
шерстяной круг для полировки,,50
меховой круг для полировки,,20
Категория,9,
набор для полировки авто,,480
купить набор для полировки авто,,90
минимальный набор для полировки авто,,30
полировочный набор для авто,,20

комплект для полировки авто,,10
набор для ручной полировки автомобиля,,10
купить полировочный набор для авто,,10
полировальный набор для авто,,10



L1: Уход за интерьером,8/198,


L2: Нейтрализаторы запаха,29,

нейтрализаторы запаха,,2400
поглотитель запаха,,260
нейтрализатор запаха в автомобиле,,170
профессиональный нейтрализатор запаха,,170
нейтрализатор запаха в авто,,140
устранитель запаха,,90
купить нейтрализатор запахов,,90
нейтрализатор для авто,,70
нейтрализатор запахов в салоне авто,,50
нейтрализатор запаха автомобильный,,40
средство для удаления запаха в салоне автомобиля,,30
нейтрализатор запаха в машину,,30
устранение запаха в автомобиле,,30
устранитель запахов в авто,,20
устранитель запаха купить,,10
поглотитель запахов купить,,10
поглотитель запаха для автомобиля,,10
нейтрализатор запаха для автомобиля купить,,10
устранитель запаха в машине,,10
поглотитель запаха для авто,,10
поглотитель запаха автомобильный,,10
поглотитель запаха в машину,,10
нейтрализатор запахов в салоне,,10
удаление запаха в машине,,10
удаление запахов в автомобиле,,10
удалить запах в салоне автомобиля,,10
устранение запаха в салоне автомобиля,,10
устранение неприятных запахов в автомобиле,,10
устранитель запаха в автомобиле,,10

L2: Полироли для пластика,22,

полироль для салона автомобиля,,390
полироль для пластика автомобиля,,320
полироль для пластику авто,,320
полироль для торпеды,,260
полироль для панели авто,,170
полироль для торпеды автомобиля,,170
полироль для торпедо авто,,140
полироль для торпеды авто,,140
полироль для панели автомобиля,,70
полироль для салона,,40
полироль для пластика салона,,20
средство для ухода за пластиком авто,,20
средство для ухода за пластиком автомобиля,,20
полироль для автомобильного пластика,,10
купить полироль для панели авто,,10
купить полироль для пластика,,10
полироль для пластика,,10
купить полироль для пластика авто,,10
купить полироль для салона автомобиля,,10
средство для полировки салона автомобиля,,10
купить полироль для торпеды автомобиля,,10
средство для ухода за пластиком,,10

L2: Средства для кожи,3/56,
средство для кожи,,30
средство для кожаного салона,,10
автокосметика для кожи,,10
средство для кожи авто,,110
средства для кожи автомобиля,,90
для кожи автомобиля,,40
химия для кожи авто,,20
автохимия для кожаного салона,,10
средство для кожи салона авто,,10

L3: Уход за кожей,34,
уход за кожей авто,,210
уход за кожей автомобиля,,210
полироль для кожи,,170
лучшее средство по уходу за кожей авто,,140
средство по уходу за кожей авто,,90
полироль для кожи авто,,90
полироль для кожи автомобиля,,90
крем для кожи авто,,70
средства по уходу за кожей автомобиля,,70
крем для кожи автомобиля,,70

уход за кожей салона автомобиля,,20
средство за уходом кожаного салона,,20
купить средство для ухода за кожей авто,,20
уход за кожей салона авто,,20
уход за кожей салона,,10
уход за кожей в машине,,10

средство для ухода за кожей салона,,10

средства для ухода за кожей салона авто,,10
лучшее средство для ухода за кожей автомобиля,,10
средства для ухода за кожей салона автомобиля,,10
лосьон для кожи авто,,10
средство для сохранения кожи авто,,0
средство для защиты кожаного салона авто,,0
уход за кожей автомобиля купить,,0
набор для ухода за кожей авто,,30
L3: Очистители кожи,19,
средства для чистки кожи автомобиля,,70
средство для чистки кожи авто,,70
химия для чистки кожи авто,,20
купить очиститель кожи авто,,20
средство для очистки кожи авто,,20
средства для чистки кожаного салона,,20
лучшее средство для чистки кожи авто,,10
очиститель кожи авто,,10
купить средство для чистки кожи авто,,10
средство для кожи салона,,10
средство для очистки кожи салона,,10
очиститель кожи салона автомобиля,,10
средство для чистки кожи салона автомобиля,,10
средство для химчистки кожаного салона,,10
средство для чистки кожаного салона авто,,10
чистящее средство для кожи авто,,10
средства для чистки кожи салона авто,,10
средство для химчистки кожи автомобиля,,10
купить средство для кожи автомобиля,,0
средства для чистки кожаного салона автомобиля,,40
средства для очистки кожи салона авто,,10
очиститель кожи автомобиля,,10
химия для чистки кожаного салона,,10
L2: Средства для химчистки салона,,

для химчистки салона,,50
для химчистки салона автомобиля,,20
жидкость для химчистки салона,,20
купить химчистку для салона автомобиля,,10
средства для химчистки автомобиля,,10
средство для химчистки автосалона,,10
средство для химчистки салона автомобиля цена,,10
средство для химчистки салона украина,,10

L2: Пятновыводители,,
пятновыводитель,,2400
купить пятновыводитель,,110
пятновыводитель для авто,,10
пятновыводитель для автомобиля,,10
пятновыводитель для машины,,10
пятновыводитель для салона авто,,10
пятновыводитель для салона автомобиля,,10
пятновыводитель для сидений авто,,10

L1: Защитные покрытия,10/109,
защитные покрытия для авто,,70
защитные покрытия автомобиля,,10
покрытие для автомобиля,,10
защитное покрытие на машину купить,,10
купить защитное покрытие для авто,,10


L2: Воски,3/38,
воск для авто,,1600
купить воск для авто,,320
купить воск для автомобиля,,320
воск для машины,,210
воск для полировки авто,,90
воск автомобильный,,90
воск для мойки авто,,70
воск для кузова авто,,50
восковый полироль для авто,,50
купить воск для полировки авто,,20
купить воск для мойки авто,,20

L3: Твердый воск,12,
твердый воск для авто,,1000
твердый воск,,390
купить твердый воск для авто,,210
купить воск для машины,,30
купить твердый воск для авто в украине,,10
твердый воск для авто цена,,10
купить твердый воск для машины,,10
твердый воск купить,,10
твердый воск для автомобиля цена,,10
твердый воск для машины,,10
твердый воск цена,,10
твердый воск для полировки авто,,0
L3: Жидкий воск,13,
жидкий воск для авто,,480
жидкий воск,,320
купить жидкий воск для авто,,70
купить жидкий воск,,40
купить жидкий воск для автомобиля,,20
жидкий воск для автомобиля,,20
жидкий воск для кузова,,10
жидкий воск для авто цена,,10
жидкий воск для мойки авто,,10
жидкий воск для автомойки,,10
жидкий воск для машин,,10
жидкий воск для кузова автомобиля,,10
купить жидкий воск для машины,,10


L2: Керамика и жидкое стекло,39,
жидкий стекло цена,,90
жидке стекло для авто,,10

жидкое стекло для автомобилей,,480
нанокерамика,,480
нанокерамика для авто,,390
нанокерамика для автомобиля,,390
керамическое покрытие авто,,170
купить жидкое стекло для авто,,140
нано керамика на авто,,50
жидкое стекло для полировки авто,,20
жидкое стекло для полировки автомобиля,,20
купить жидкое стекло для автомобиля,,20
купить жидкое стекло для полировки авто,,20
купить жидкое стекло для полировки автомобиля,,20
жидкое стекло на машину,,20
керамика для авто,,20
нанокерамика купить,,20
керамика для кузова,,20
купить керамика для авто,,20
купить керамику для авто в украине,,20
нанокерамика для авто цена,,20
покрытие жидкое стекло для авто,,10
покрытие для автомобиля жидкое стекло,,10
жидкое стекло для кузова авто,,10
жидкое стекло на лобовое,,10
купить жидкое стекло для машины,,10
купить жидкое стекло для покрытия автомобиля,,10
жидкое стекло на кузов,,10
цена на жидкое стекло для авто,,10
купить полироль жидкое стекло,,10
купить жидкое стекло для кузова,,10
жидкое стекло на машину цена,,10
жидкое стекло полироль для автомобиля,,10
нанокерамика для кузова автомобиля,,10
нанокерамика на авто купить,,10
нанокерамика стоимость,,10
нанокерамика цена,,10
покрытие для авто нанокерамика,,0
нанокерамика для авто салона,,0
нанокерамика покрытие,,0
нанокерамика на машину,,0

L2: Квик-детейлеры,18,

полимер для авто,,140
полимер для автомобиля,,140
холодный воск для автомобиля,,110
горячий воск для авто,,90
холодный воск для авто,,90
быстрый воск для авто,,40
купить холодный воск для авто,,30
купить холодный воск для автомобиля,,30
воск для авто на автомойке,,20
горячий воск для авто цена,,10
холодный воск для авто цена,,10
купить горячий воск для авто,,10
жидкий воск цена,,10
холодный воск для сушки автомобиля,,10
быстрый блеск для авто,,10
горячий воск для автомобиля,,0
купить холодный воск для машины,,0
L2: Силанты,9,
силант,,50
силанты для авто,,40
силант для авто,,30
силант для кузова,,10
силант автомобиль,,10
силант покрытие,,10
автомобиль силант цена,,10
купить силант,,10
силант цена,,10

набор кругов для полировки авто,,



L1: Опт и B2B,,
,,
автохимия от производителя,,10
автохимия производство,,10
производители автохимии украина,,10
автохимия поставщики,,10
