"Original Url","Address","Content Type","Status Code","Status","Indexability","Indexability Status","Title 1","Title 1 Length","Title 1 Pixel Width","Meta Description 1","Meta Description 1 Length","Meta Description 1 Pixel Width","Meta Keywords 1","Meta Keywords 1 Length","H1-1","H1-1 Length","H1-2","H1-2 Length","H2-1","H2-1 Length","H2-2","H2-2 Length","Meta Robots 1","X-Robots-Tag 1","Meta Refresh 1","Canonical Link Element 1","rel=""next"" 1","rel=""prev"" 1","HTTP rel=""next"" 1","HTTP rel=""prev"" 1","amphtml Link Element","Size (bytes)","Transferred (bytes)","Total Transferred (bytes)","CO2 (mg)","Carbon Rating","Word Count","Sentence Count","Average Words Per Sentence","Flesch Reading Ease Score","Readability","Text Ratio","Crawl Depth","Folder Depth","Link Score","Inlinks","Unique Inlinks","Unique JS Inlinks","% of Total","Outlinks","Unique Outlinks","Unique JS Outlinks","External Outlinks","Unique External Outlinks","Unique External JS Outlinks","Closest Near Duplicate Match","No. Near Duplicates","Spelling Errors","Grammar Errors","Hash","Response Time","Last Modified","Redirect URL","Redirect Type","Cookies","Language","HTTP Version","Mobile Alternate Link","Closest Semantically Similar Address","Semantic Similarity Score","No. Semantically Similar","Semantic Relevance Score","URL Encoded Address","Crawl Timestamp"
"https://automoyka.ua/catalog/beskontaktnaya_moyka/","https://automoyka.ua/catalog/beskontaktnaya_moyka/","text/html; charset=UTF-8","200","OK","Indexable","","Активная пена для бесконтактной мойки - Автомойка.юа","52","535","Купить качественную химию для автомойки. Активная пена для бесконтактной мойки — эффективное и безопасное очищение вашего авто.","127","926","","0","Активная пена","13","","0","Эффективность и безопасность: активная пена для бесконтактной мойки","67","","0","index, follow","","","","","","","","","591582","57716","57716","22,491","","2526","837","3,018","100,000","Very Easy","3,475","0","2","","35","5","0","8,200","320","108","0","3","3","0","","","","","2d068df5aa5fcf511d78bfaa1d1083a9","0,266","Mon, 10 Nov 2025 09:40:33 GMT","","","","ru","1.1","","","","","","https://automoyka.ua/catalog/beskontaktnaya_moyka/","2025-11-17 15:56:41"
"https://mons.in.ua/ru/poperednia-myika/","https://mons.in.ua/ru/poperednia-myika/","text/html; charset=UTF-8","200","OK","Indexable","","Мойка автомобиля снаружи и изнутри | Купить пену для мойки авто - MONS","70","707","Профессиональные моющие средства для автомоек и для мойки автомобилей. Kenotek и Nerta. Активная пена для предварительной мойки автомобилей.","140","1025","","0","Активная пена для бесконтактной мойки","37","","0","","0","","0","all","","","https://mons.in.ua/ru/poperednia-myika/","","","","","","134406","21939","21939","8,549","","402","138","2,913","100,000","Very Easy","2,417","0","2","","13","2","0","3,280","97","49","0","2","2","0","","","","","83dc87634b77b884c749ccb6c781fa9","0,631","","","","","ru","1.1","","","","","","https://mons.in.ua/ru/poperednia-myika/","2025-11-17 15:56:34"
"https://venor.ua/ru/aktivnaya-pena-dlya-bezkontaktnoy-moyki","https://venor.ua/ru/aktivnaya-pena-dlya-bezkontaktnoy-moyki","text/html; charset=windows-1251","200","OK","Indexable","","Пена для моек, купить активную пену для бесконтактной мойки, пена для портальных моек VENOR в Украине","101","1027","","0","0","","0","Пена для моек","13","","0","","0","","0","index,follow","","","","","","","","","19728","4152","4152","1,618","","238","92","2,587","100,000","Very Easy","8,691","0","1","","6","1","0","1,640","52","27","0","1","1","0","","","","","d2f508f50d60079bb83d0480a03f746c","0,079","","","","","ru-UA","1.1","","","","","","https://venor.ua/ru/aktivnaya-pena-dlya-bezkontaktnoy-moyki","2025-11-17 15:56:30"
"https://drivecare.com.ua/ru/pena-dlia-moiky-avto-ffektyvnyi-sposob-ukhoda-za-avtomobylem/","https://drivecare.com.ua/ru/pena-dlia-moiky-avto-ffektyvnyi-sposob-ukhoda-za-avtomobylem/","text/html; charset=utf-8","200","OK","Indexable","","Пена для мойки авто: эффективный способ ухода за автомобилем","60","625","","0","0","","0","Пена для мойки авто: эффективный способ ухода за автомобилем","60","","0","Что такое пена для мойки авто?","30","Преимущества использования пены для мойки авто","46","max-image-preview:large","","","https://drivecare.com.ua/ru/pena-dlia-moiky-avto-ffektyvnyi-sposob-ukhoda-za-avtomobylem/","","","","","","229412","25703","25703","10,016","","1080","290","3,724","100,000","Very Easy","4,931","0","2","","2","1","0","1,640","151","118","0","8","6","0","","","","","d0a1eeef18210615eca95b15d970b017","0,327","","","","","ru","1.1","","","","","","https://drivecare.com.ua/ru/pena-dlia-moiky-avto-ffektyvnyi-sposob-ukhoda-za-avtomobylem/","2025-11-17 15:56:38"
"https://pratta.ua/ru/aktyvna-pina-dlia-myttia-avto-premium-pure-vida-500-h-kontsentrat/","https://pratta.ua/ru/aktyvna-pina-dlia-myttia-avto-premium-pure-vida-500-h-kontsentrat/","text/html; charset=UTF-8","200","OK","Indexable","","Активная пена для мойки авто Premium Pure Vida 500 г концентрат","63","627","Купить Активная пена для мойки авто Premium Pure Vida 500 г концентрат в магазине Pratta.ua ✅Гарантия качества от производителя ☎+38 (063) 344-45-73 Заказать ➤Доставка по всей Украине","183","1265","","0","Активная пена для мойки авто Premium Pure Vida 500 г концентрат","63","","0","","0","","0","all","","","https://pratta.ua/ru/aktyvna-pina-dlia-myttia-avto-premium-pure-vida-500-h-kontsentrat/","","","","","","122849","28451","28451","11,087","","811","210","3,862","100,000","Very Easy","5,953","0","2","","18","1","0","1,640","63","36","0","4","4","0","","","","","7512d85c57d5cd0f754cebdf03ee89f6","0,470","","","","","ru","1.1","","","","","","https://pratta.ua/ru/aktyvna-pina-dlia-myttia-avto-premium-pure-vida-500-h-kontsentrat/","2025-11-17 15:56:34"
"https://shop.cardetaillab.ua/category/khimiya/tovar_aktivnaya-pena","https://shop.cardetaillab.ua/category/khimiya/tovar_aktivnaya-pena","text/html; charset=UTF-8","200","OK","Indexable","","Бесконтактная пена для мойки авто — купить в интернет-магазине CarDetailLab","75","744","Покупайте бесконтактную пену для мойки авто в интернет-магазине товаров для детейлинга CarDetailLab. Широкий ассортимент, мировые бренды. Доставка по всей Украине.","163","1163","","0","Бесконтактная пена для мойки авто","33","","0","Активная пена для бесконтактной мойки — эффект гарантирован!","60","","0","","","","","","","","","","614288","61521","61521","23,974","","829","293","2,829","100,000","Very Easy","4,023","0","2","","23","5","0","8,200","886","340","0","17","7","0","","","","","1f6186a679162ba4567fd0b72b0d3d47","0,408","","","","","ru","1.1","","","","","","https://shop.cardetaillab.ua/category/khimiya/tovar_aktivnaya-pena","2025-11-17 15:56:32"
"https://tricolor.com.ua/avtomobilnaya-himiya/tip-aktivnaya-pena/","https://tricolor.com.ua/avtomobilnaya-himiya/tip-aktivnaya-pena/","text/html; charset=UTF-8","302","Found","Non-Indexable","Redirected","","0","0","","0","0","","0","","0","","0","","0","","0","","","","","","","","","","0","0","0","0,000","","0","","","","","0,000","0","2","","0","0","0","0,000","0","0","0","0","0","0","","","","","","0,179","","https://tricolor.com.ua/ua/avtomobilnaya-himiya/tip-aktivnaya-pena/","HTTP Redirect","","","1.1","","","","","","https://tricolor.com.ua/avtomobilnaya-himiya/tip-aktivnaya-pena/","2025-11-17 15:56:31"
"https://avtozvuk.ua/shampuni/c1258/884=76067","https://avtozvuk.ua/shampuni/c1258/884=76067","text/html; charset=UTF-8","403","Forbidden","Non-Indexable","Client Error","","0","0","","0","0","","0","","0","","0","","0","","0","","","","","","","","","","0","0","0","0,000","","0","","","","","0,000","0","2","","0","0","0","0,000","0","0","0","0","0","0","","","","","","0,086","","","","","","1.1","","","","","","https://avtozvuk.ua/shampuni/c1258/884=76067","2025-11-17 15:56:39"
"https://tiptoppro.com/ru/aktivnaya-pena/","https://tiptoppro.com/ru/aktivnaya-pena/","text/html; charset=UTF-8","200","OK","Indexable","","Купить автохимия  Активная Пена в Украине","41","414","Купить активную пену для бесконтактной мойки машин в Украине от компании TIP TOP Chemicals. Для получения дополнительной информации и заказа звоните +38 068 56 56 555","166","1192","","0","Активная Пена - купить в Украине","32","","0","","0","","0","all","","","https://tiptoppro.com/ru/aktivnaya-pena/","https://tiptoppro.com/ru/aktivnaya-pena/filter/page=2/","","","","","190059","26460","26460","10,311","","471","169","2,787","100,000","Very Easy","1,575","0","2","","15","3","0","4,920","98","42","0","6","6","0","","","","","a6cdc682dfa768b2a7ff284f0878eedd","0,792","","","","","ru","1.1","","","","","","https://tiptoppro.com/ru/aktivnaya-pena/","2025-11-17 15:56:32"
"https://pratta.ua/ru/aktyvna-pina-dlia-myttia-avto-extra-pure-vida-22-kh-kontsentrat/","https://pratta.ua/ru/aktyvna-pina-dlia-myttia-avto-extra-pure-vida-22-kh-kontsentrat/","text/html; charset=UTF-8","200","OK","Indexable","","Активная пена для мойки авто Extra Pure Vida 22 кг концентрат","61","591","Купить Активная пена для мойки авто Extra Pure Vida 22 кг концентрат в магазине Pratta.ua ✅Гарантия качества от производителя ☎+38 (063) 344-45-73 Заказать ➤Доставка по всей Украине","181","1240","","0","Активная пена для мойки авто Extra Pure Vida 22 кг концентрат","61","","0","","0","","0","all","","","https://pratta.ua/ru/aktyvna-pina-dlia-myttia-avto-extra-pure-vida-22-kh-kontsentrat/","","","","","","118575","27513","27513","10,721","","730","185","3,946","100,000","Very Easy","5,491","0","2","","18","1","0","1,640","63","36","0","4","4","0","","","","","a64cbb4f7b5fdbc325d63af026d2ea1","0,557","","","","","ru","1.1","","","","","","https://pratta.ua/ru/aktyvna-pina-dlia-myttia-avto-extra-pure-vida-22-kh-kontsentrat/","2025-11-17 15:56:34"
"https://shop.cardetaillab.ua/category/dlya_kuzova/tovar_ochistitel/zagryazneniye_bitum","https://shop.cardetaillab.ua/category/dlya_kuzova/tovar_ochistitel/zagryazneniye_bitum","text/html; charset=UTF-8","200","OK","Indexable","","Антибитум для кузова авто — купить в интернет-магазине CarDetailLab","67","661","Покупайте очистители битума для авто в интернет-магазине товаров для детейлинга CarDetailLab. Широкий ассортимент, мировые бренды. Доставка по всей Украине.","156","1110","","0","Очистители битума для кузова авто","33","","0","Качественные очистители битумных пятен по доступной цене","56","","0","","","","","","","","","","698701","65015","65015","25,335","","1025","356","2,879","100,000","Very Easy","3,896","0","3","","12","5","0","8,200","885","340","0","17","7","0","","","","","98c4a2d62369e8c132d259a11e907f79","0,538","","","","","ru","1.1","","","","","","https://shop.cardetaillab.ua/category/dlya_kuzova/tovar_ochistitel/zagryazneniye_bitum","2025-11-17 15:56:33"
"https://drossel.ua/catalog/kosmetika/f-683_5224_antibitum/index.html","https://drossel.ua/catalog/kosmetika/f-683_5224_antibitum/index.html","text/html; charset=UTF-8","403","Forbidden","Non-Indexable","Client Error","","0","0","","0","0","","0","","0","","0","","0","","0","","","","","","","","","","0","0","0","0,000","","0","","","","","0,000","0","3","","0","0","0","0,000","0","0","0","0","0","0","","","","","","0,063","","","","","","1.1","","","","","","https://drossel.ua/catalog/kosmetika/f-683_5224_antibitum/index.html","2025-11-17 15:56:37"
"https://ebrand.ua/ru/antybitum-ultimate-bitumen-buster/","https://ebrand.ua/ru/antybitum-ultimate-bitumen-buster/","text/html; charset=UTF-8","200","OK","Indexable","","Купить Антибитум Ultimate Bitumen Buster BB00500 в интернет магазине Ebrand","75","744","【Антибитум Ultimate Bitumen Buster】 — купить по лучшей цене в интернет магазине Ebrand ✈ Доставка ✅ Отзывы ☎ 097 589-90-99","122","837","","0","Антибитум Ultimate Bitumen Buster","33","","0","","0","","0","all","","","https://ebrand.ua/ru/antybitum-ultimate-bitumen-buster/","","","","","","313472","38816","38816","15,126","","1549","446","3,473","100,000","Very Easy","3,696","0","2","","17","1","0","1,640","320","297","0","4","4","0","","","","","a9ed61ff1d655b2ad40230d01299aabe","0,523","","","","","ru","1.1","","","","","","https://ebrand.ua/ru/antybitum-ultimate-bitumen-buster/","2025-11-17 15:56:37"
"https://primer.com.ua/ru/antybitum","https://primer.com.ua/ru/antybitum","text/html; charset=UTF-8","200","OK","Indexable","","Средство для удаления битумных пятен. Очиститель битума антибитум ЕС-197","72","739","Сверхмощное средство для быстрой очистки от битума. Очиститель от битума и смолы. Средство для снятия битума. Очиститель смолы битума.","134","966","","0","Очиститель битумных пятен «АНТИБИТУМ»","37","","0","","0","","0","","","","","","","","","","73134","14013","14013","5,461","","844","200","4,220","100,000","Very Easy","9,869","0","1","","11","1","0","1,640","81","38","0","2","2","0","","","","","a50b3cc7f2d2fcb8e83aa26d3367bfe7","0,356","","","","","ru-UA","1.1","","","","","","https://primer.com.ua/ru/antybitum","2025-11-17 15:56:34"
"https://aura.if.ua/avtohimiya/masla-i-tehnicheskie-zhidkosti/ochistitel-bitumnyh-pyaten-antibitum-piton-400-ml.html","https://aura.if.ua/avtohimiya/masla-i-tehnicheskie-zhidkosti/ochistitel-bitumnyh-pyaten-antibitum-piton-400-ml.html","text/html; charset=utf-8","200","OK","Indexable","","ᐉ Купить Очиститель битумных пятен Антибитум PiTon 400 мл | AURA.if.ua","70","689","Купить Очиститель битумных пятен Антибитум PiTon 400 мл | Отправка в день заказа &#128666; |Бесплатная доставка от 5000 грн |СКИДКИ, АКЦИИ до -30%!","147","977","","0","Очиститель битумных пятен Антибитум PiTon 400 мл","48","","0","Очиститель битумных пятен Антибитум PiTon 400 мл","48","114 грн","7","","","","","","","","","","333597","51038","51038","19,889","","1876","539","3,481","100,000","Very Easy","4,360","0","2","","0","0","0","0,000","309","286","0","2","2","0","","","","","9be93c184531f32cc95beaa55dc744a1","0,836","","","","","ru","1.1","","","","","","https://aura.if.ua/avtohimiya/masla-i-tehnicheskie-zhidkosti/ochistitel-bitumnyh-pyaten-antibitum-piton-400-ml.html","2025-11-17 15:56:41"
"https://venor.ua/ru/sredstva-po-ukhodu-za-ekstererom-avtomobilya-roznica/27-venorbitev-antibitum","https://venor.ua/ru/sredstva-po-ukhodu-za-ekstererom-avtomobilya-roznica/27-venorbitev-antibitum","text/html; charset=windows-1251","200","OK","Indexable","","Антибитум, купить очиститель битума для автомобиля VENOR в Украине","66","680","","0","0","","0","VENOR® BITEV (Очиститель битума)","32","","0","","0","","0","index,follow","","","","","","","","","21869","5303","5303","2,066","","310","106","2,925","100,000","Very Easy","10,968","0","2","","6","1","0","1,640","58","38","0","1","1","0","","","","","b1376d84852578609faade891bd79431","0,108","","","","","ru-UA","1.1","","","","","","https://venor.ua/ru/sredstva-po-ukhodu-za-ekstererom-avtomobilya-roznica/27-venorbitev-antibitum","2025-11-17 15:56:30"
"https://tornador-magnum.com.ua/vse-dlya-chishchennya-kuzovu/ochisniki-kuzova/ochishchennya-organiki-antimoshka","https://tornador-magnum.com.ua/vse-dlya-chishchennya-kuzovu/ochisniki-kuzova/ochishchennya-organiki-antimoshka","text/html; charset=utf-8","200","OK","Indexable","","Очищення органіки (антимошка)","29","305","","0","0","","0","Очищення органіки (антимошка)","29","","0","","0","","0","","","","https://tornador-magnum.com.ua/vse-dlya-chishchennya-kuzovu/ochisniki-kuzova/ochishchennya-organiki-antimoshka","","","","","","383302","38171","38171","14,875","","1351","496","2,724","100,000","Very Easy","4,179","0","2","","1","1","0","1,640","387","343","0","14","6","0","","","","","6f11d20e1f1b414ebc0b5486e5f9cbbf","0,551","","","","","uk","1.1","","","","","","https://tornador-magnum.com.ua/vse-dlya-chishchennya-kuzovu/ochisniki-kuzova/ochishchennya-organiki-antimoshka","2025-11-17 15:56:31"
"https://tabletki.ua/Антимошка/1028251/","https://tabletki.ua/Антимошка/1028251/","text/html; charset=UTF-8","403","Forbidden","Non-Indexable","Client Error","","0","0","","0","0","","0","","0","","0","","0","","0","","","","","","","","","","0","0","0","0,000","","0","","","","","0,000","0","2","","0","0","0","0,000","0","0","0","0","0","0","","","","","","0,061","","","","","","1.1","","","","","","https://tabletki.ua/%D0%90%D0%BD%D1%82%D0%B8%D0%BC%D0%BE%D1%88%D0%BA%D0%B0/1028251/","2025-11-17 15:56:32"
"https://skyfarb.com/ru/zasib-dlia-vydalennia-ta-ochyshchennia-vid-komakh-antymoshka-lotus-500-ml/","https://skyfarb.com/ru/zasib-dlia-vydalennia-ta-ochyshchennia-vid-komakh-antymoshka-lotus-500-ml/","text/html; charset=UTF-8","200","OK","Indexable","","Купить Средство для удаления и очистки от мошек и насекомых Антимошка Lotus 500 мл AI-L-500 в интернет магазине SkyLine","119","1193","【Средство для удаления и очистки от мошек и насекомых Антимошка Lotus 500 мл】 — купить по лучшей цене в интернет магазине SkyLine ✈ Доставка ✅ Отзывы ☎ (098) 252-07-87","167","1170","АВТОХИМИЯ, Средства для кузова, мойка антимошка, Омыватель антимошка, Омыватель стекла антимошка, антимошка спрей, антимошка триггер, антимошка брызгалка, средство от насекомых, средство для удаления насекомых мотюль, средство для удаления насекомых, Сред","255","Средство для удаления и очистки от мошек и насекомых Антимошка Lotus 500 мл","75","","0","","0","","0","all","","","https://skyfarb.com/ru/zasib-dlia-vydalennia-ta-ochyshchennia-vid-komakh-antymoshka-lotus-500-ml/","","","","","","217247","36517","36517","14,230","","1566","394","3,975","100,000","Very Easy","5,753","0","2","","20","1","0","1,640","117","91","0","12","12","0","","","","","10e2f6f115b7ce7845aa2fe32bd43250","0,740","","","","","ru","1.1","","","","","","https://skyfarb.com/ru/zasib-dlia-vydalennia-ta-ochyshchennia-vid-komakh-antymoshka-lotus-500-ml/","2025-11-17 15:56:32"
"https://mastercareshop.com/ru/types/ochistiteli-nasekomyh/","https://mastercareshop.com/ru/types/ochistiteli-nasekomyh/","text/html; charset=UTF-8","200","OK","Indexable","","Антимошка для авто, средство для удаления насекомых | Master Care Shop","70","704","Антимошка для авто, средство для удаления насекомых купить в интернет-магазине ➦Master Care Shop. (096) 202-02-32 ✔️ Широкий ассортимент ⚡ Лучшие цены ✈ Быстрая доставка по Украине","180","1271","","0","Антимошка для авто, средство для удаления насекомых","51","","0","","0","","0","index, follow, max-image-preview:large, max-snippet:-1, max-video-preview:-1","","","https://mastercareshop.com/ru/types/ochistiteli-nasekomyh/","","","","","","549787","54874","54874","21,383","","1309","359","3,646","100,000","Very Easy","3,433","0","3","","3","1","0","1,640","426","167","0","8","3","0","","","","","1f63af3d62aa4c9cb9ec4781517e8eab","0,113","Mon, 17 Nov 2025 13:42:24 GMT","","","","ru-RU","1.1","","","","","","https://mastercareshop.com/ru/types/ochistiteli-nasekomyh/","2025-11-17 15:56:35"
"https://www.atom-professional.com.ua/avtohimiia/dohliad-za-ekster-ierom/zasib-dlia-vydalenia-slidiv-vid-komakh-fly-dry-z-aromatom-yabluka-5l/","https://www.atom-professional.com.ua/avtohimiia/dohliad-za-ekster-ierom/zasib-dlia-vydalenia-slidiv-vid-komakh-fly-dry-z-aromatom-yabluka-5l/","text/html; charset=UTF-8","200","OK","Indexable","","Антимошка (для видалення слідів комах) FLY DRY, 5L Atom","55","552","Антимошка для швидкого видалення залишків комах, бруньок, пташиного посліду, органічного бруду з кузова та деталей автомобіля","125","883","","0","Засіб для видалення слідів від комах FLY DRY з ароматом яблука, 5L","66","","0","Відгуки","7","Супутні товари","14","follow, index, max-snippet:-1, max-video-preview:-1, max-image-preview:large","","","https://www.atom-professional.com.ua/avtohimiia/dohliad-za-ekster-ierom/zasib-dlia-vydalenia-slidiv-vid-komakh-fly-dry-z-aromatom-yabluka-5l/","","","","","","159598","30914","30914","12,047","","358","109","3,284","100,000","Very Easy","2,376","0","3","","14","1","0","1,640","88","38","0","6","5","0","","","","","808235cb5e3874106588a66e90511e4c","0,896","Mon, 17 Nov 2025 13:56:32 GMT","","","","uk","1.1","","","","","","https://www.atom-professional.com.ua/avtohimiia/dohliad-za-ekster-ierom/zasib-dlia-vydalenia-slidiv-vid-komakh-fly-dry-z-aromatom-yabluka-5l/","2025-11-17 15:56:31"
"https://mons.in.ua/ru/antymoshka/","https://mons.in.ua/ru/antymoshka/","text/html; charset=UTF-8","200","OK","Indexable","","Средство для удаления мошек с автомобиля | Антимошка | Антиинсект - Kenotek","75","756","Профессиональное средство для удаления остатков мошки с кузова автомобиля. Очень концентрированное средство. Концентрация 1 – 3 %. Kenotek Belgium.","147","1054","","0","Антимошка","9","","0","","0","","0","all","","","https://mons.in.ua/ru/antymoshka/","","","","","","95595","17814","17814","6,942","","229","96","2,385","100,000","Very Easy","2,186","0","2","","13","2","0","3,280","75","38","0","2","2","0","","","","","d9aac5cfb94e619461dbdbe62159a6fc","0,484","","","","","ru","1.1","","","","","","https://mons.in.ua/ru/antymoshka/","2025-11-17 15:56:34"
"https://icw.ua/ru/car-wash-programs/","https://icw.ua/ru/car-wash-programs/","text/html; charset=UTF-8","200","OK","Indexable","","Программы мойки для автомоек самообслуживания - ICW","51","549","На сайте представлен полный список программ для мойки самообслуживания. Технология TOUCH LESS лишена недостатка микроповреждений поверхности.","141","1051","","0","Программы мойки","15","","0","Посмотрите обзоры наших автомоек ТОП 5 самых популярных","55","","0","max-image-preview:large","","","https://icw.ua/ru/car-wash-programs/","","","","","","64716","13479","13479","5,253","","301","96","3,135","100,000","Very Easy","5,812","0","2","","7","1","0","1,640","50","26","0","8","8","0","","","","","de4909abf1712e7d92273b3c2cd1306d","1,151","","","","","ru-RU","1.1","","","","","","https://icw.ua/ru/car-wash-programs/","2025-11-17 15:56:36"
"https://avtobania.com.ua/ru/subcategory/antimoshka","https://avtobania.com.ua/ru/subcategory/antimoshka","text/html; charset=UTF-8","200","OK","Indexable","","Антимошка купить в Украине. Интернет-магазин Автопены ☎ +38 (093) 067-58-38","75","753","Антимошка купить в Украине ✔ Товары для ухода за авто, химчистки, полировки, детейлинга. ✔ Большой выбор по доступным ценам! ✔ Быстрая доставка. ☎ +38 (093) 067-58-38","166","1157","Антимошка","9","Антимошка","9","","0","","0","","0","","","","https://avtobania.com.ua/ru/subcategory/antimoshka","","","","","","335546","39231","39231","15,288","","1841","492","3,742","100,000","Very Easy","5,444","0","2","","8","1","0","1,640","431","235","0","10","6","0","","","","","e9a799eb872a34b453c2211c3d0cacd2","0,456","","","","","ru","1.1","","","","","","https://avtobania.com.ua/ru/subcategory/antimoshka","2025-11-17 15:56:39"
"https://luxwash.ua/ru/ximiya-dlya-avtomoiki-samoobsluzivaniya","https://luxwash.ua/ru/ximiya-dlya-avtomoiki-samoobsluzivaniya","text/html; charset=UTF-8","200","OK","Indexable","","Химия для автомойки самообслуживания | LuxWash","46","490","Эффективная и безопасная химия для автомойки самообслуживания, соответствующая мировым и европейским стандартам качества и безопасности. Бесперебойные поставки и доступные оптовые цены.","185","1369","","0","Химия для автомоек самообслуживания LuxWash","43","","0","Для чего предназначается химия для автомойки самообслуживания «LuxWash»","71","Преимущества химии для автомойки самообслуживания «LuxWash»","59","/robots.txt","","","https://luxwash.ua/ru/ximiya-dlya-avtomoiki-samoobsluzivaniya","","","","","","91504","23602","23602","9,197","","783","146","5,363","100,000","Very Easy","8,366","0","1","","0","0","0","0,000","7","7","0","2","2","0","","","","","8c2fd3daa63e0d35b902458688c07779","0,389","","","","","ru","1.1","","","","","","https://luxwash.ua/ru/ximiya-dlya-avtomoiki-samoobsluzivaniya","2025-11-17 15:56:35"
"https://automoyka.ua/catalog/ochistiteli-slojnyh-pyaten-pyatnovyvoditeli/nerta-anti-insect-sredstvo-dlya-udaleniya-nasekomyh/","https://automoyka.ua/catalog/ochistiteli-slojnyh-pyaten-pyatnovyvoditeli/nerta-anti-insect-sredstvo-dlya-udaleniya-nasekomyh/","text/html; charset=UTF-8","200","OK","Indexable","","Nerta anti-insect  средство для удаления насекомых (антимошка) - Очистители кузова и хрома купить в Киеве","105","1019","В магазине все для автомоек собран огромный каталог, где не последняя роль отведена разделу Nerta anti-insect  средство для удаления насекомых (антимошка),","155","1077","","0","Nerta anti-insect средство для удаления насекомых (антимошка)","61","","0","СПОСОБ ПРИМЕНЕНИЯ","17","","0","index, follow","","","","","","","","","289199","44879","44879","17,489","","1525","435","3,506","100,000","Very Easy","4,853","0","3","","25","1","0","1,640","275","94","0","3","3","0","","","","","89e869b2158ce5712ecad7d71f7e6979","0,611","Tue, 15 Apr 2025 09:50:32 GMT","","","","ru","1.1","","","","","","https://automoyka.ua/catalog/ochistiteli-slojnyh-pyaten-pyatnovyvoditeli/nerta-anti-insect-sredstvo-dlya-udaleniya-nasekomyh/","2025-11-17 15:56:40"
"https://shop.cardetaillab.ua/category/khimiya","https://shop.cardetaillab.ua/category/khimiya","text/html; charset=UTF-8","200","OK","Indexable","","Профессиональная химия для мойки авто — купить в интернет-магазине CarDetailLab","79","801","Профессиональная химия для мойки авто. Щадящие средства, без вреда для лакокрасочного покрытия и других поверхностей авто. Закажите с доставкой в интернет-магазине CarDetailLab. Подберем товары под ваши задачи, уровень навыков и бюджет.","236","1689","","0","Профессиональная химия для мойки авто","37","","0","Выбираем щадящие средства для мойки автомобилей","47","","0","","","","","","","","","","682519","65007","65007","25,332","","822","301","2,731","100,000","Very Easy","3,604","0","1","","18","5","0","8,200","888","338","0","17","7","0","","","","","8ce96e7e8ee30cc57ffe60747bb1ccec","0,535","","","","","ru","1.1","","","","","","https://shop.cardetaillab.ua/category/khimiya","2025-11-17 15:56:33"
"https://52.com.ua/catalog/mojka-mashin/","https://52.com.ua/catalog/mojka-mashin/","text/html; charset=UTF-8","200","OK","Indexable","","Средства для мойки автомобиля - купить химию для мойки авто с доставкой по Украине, химия для мойки машин - цена в магазине 52.com.ua","133","1340","Хотите купить 🔝 Средства для мойки автомобиля быстро и выгодно в Украине? Заказать 🧽 Средства для мойки автомобиля - цена 🧼 от лучшего производителя, 🧹 снегоуборочная машина и моющий пылесос - в магазине оборудования для клининга 52.com.ua ✅","245","1715","Химия для мойки машин","21","Средства для мойки автомобиля","29","","0","Средства для мытья автомобилей","30","Качественные моющие и чистящие средства от любых загрязнений","60","","","","https://52.com.ua/catalog/mojka-mashin/","https://52.com.ua/?page=2","","","","","128459","23486","23486","9,152","","2173","473","4,594","100,000","Very Easy","14,513","0","2","","6","1","0","1,640","325","221","0","0","0","0","","","","","627db20d390a7ec1c9b16eb3cae40591","0,157","","","","","","1.1","","","","","","https://52.com.ua/catalog/mojka-mashin/","2025-11-17 15:56:41"
"https://glosspoint.com.ua/moyka-i-ekster-er/shampuni-dlya-ruchnoy-moyki/","https://glosspoint.com.ua/moyka-i-ekster-er/shampuni-dlya-ruchnoy-moyki/","text/html; charset=UTF-8","200","OK","Indexable","","Автошампуни для ручной мойки автомобиля — купить в Украине — Glosspoint","71","727","↑ Автошампуни для ручной мойки автомобиля — широкий выбор, доступные цены. Доставка по Украине: Киев, Одесса, Харьков, Днепр ...","128","909","","0","Шампуни для ручной мойки","24","","0","GYEON Q2M Bathe – Высококонцентрированный шампунь с нейтральным Ph 400мл","72","GYEON Q2M Bathe – Высококонцентрированный шампунь с нейтральным Ph 400мл","72","follow, index, max-snippet:-1, max-video-preview:-1, max-image-preview:large","","","https://glosspoint.com.ua/moyka-i-ekster-er/shampuni-dlya-ruchnoy-moyki/","https://glosspoint.com.ua/moyka-i-ekster-er/shampuni-dlya-ruchnoy-moyki/page/2/","","","","","667771","78915","78915","30,752","","4006","1057","3,790","100,000","Very Easy","3,888","0","2","","105","4","0","6,560","813","266","0","2","2","0","","","","","77780d102f557c9fc6e15cc36630db98","1,031","","","","","ru-RU","1.1","","","","","","https://glosspoint.com.ua/moyka-i-ekster-er/shampuni-dlya-ruchnoy-moyki/","2025-11-17 15:56:36"
"https://meguiars.com.ua/ru/glina-dlya-chistki-kuzova-meguiar-s-g1001eu-smooth-surface-clay-bar-brusok-80-g","https://meguiars.com.ua/ru/glina-dlya-chistki-kuzova-meguiar-s-g1001eu-smooth-surface-clay-bar-brusok-80-g","text/html; charset=UTF-8","200","OK","Indexable","","Купить Глина для чистки кузова Meguiar's G1001EU Smooth Surface Clay Bar, брусок, 80 г","86","822","","0","0","","0","Глина для чистки кузова Meguiar's G1001EU Smooth Surface Clay Bar, брусок, 80 г","79","","0","Видеообзор товара Глина для чистки кузова Meguiar's G1001EU Smooth Surface Clay Bar, брусок, 80 г","97","","0","","","","","","","","","","115762","17255","17255","6,724","","956","379","2,522","100,000","Very Easy","7,344","0","1","","12","1","0","1,640","162","58","0","12","6","0","","","","","8ef9ef5800198a21f72cfae0d179e0c6","0,369","","","","","ru","1.1","","","","","","https://meguiars.com.ua/ru/glina-dlya-chistki-kuzova-meguiar-s-g1001eu-smooth-surface-clay-bar-brusok-80-g","2025-11-17 15:56:35"
"https://www.avtoradosti.com.ua/p/96093.html","https://www.avtoradosti.com.ua/p/96093.html","text/html; charset=Windows-1251","200","OK","Indexable","","Синяя глина 3М 432 для очистки лакокрасочного покрытия авто 160гр. - Купить в Киеве, доставка по Украине, отзывы, цены, магазины","128","1273","3M Синяя глина 3М 432 для очистки лакокрасочного покрытия авто 160гр. автоаксессуары в интернет магазине Авторадости. Купить Глина для авто, автоскраб 3M Синяя глина 3М 432 для очистки лакокрасочного покрытия авто 160гр. с доставкой по всей Украине.","249","1765","_Синяя глина 3М 432 для очистки лакокрасочного покрытия авто 160гр., 3M Синяя глина 3М 432 для очистки лакокрасочного покрытия авто 160гр., купить, продажа, цена, киев, интернет магазин","185","Синяя глина 3М 432 для очистки лакокрасочного покрытия авто 160гр.","66","","0","","0","","0","","","","https://www.avtoradosti.com.ua/p/96093.html","","","","","","113539","26122","26122","10,179","","1050","287","3,659","100,000","Very Easy","12,512","0","1","","26","1","0","1,640","362","289","0","4","4","0","","","","","656e997513d1a2aff6f85fb22c09be87","0,105","","","","","ru","1.1","","","","","","https://www.avtoradosti.com.ua/p/96093.html","2025-11-17 15:56:30"
"https://detailvcar.com.ua/katalog/blue-clay/","https://detailvcar.com.ua/katalog/blue-clay/","text/html; charset=UTF-8","200","OK","Indexable","","Синяя глина для очистки ЛКП 112 г SONAX Clay – Detail VIP-Car","61","589","","0","0","","0","Синяя глина для очистки ЛКП 112 г SONAX Clay","44","","0","Відгуки","7","Супутні товари","14","max-image-preview:large","","","https://detailvcar.com.ua/katalog/blue-clay/","","","","","","278989","43717","43717","17,036","","533","123","4,333","100,000","Very Easy","2,512","0","2","","4","1","0","1,640","211","98","0","16","6","0","","","","","27b0e5f00c50e6201a2b6b038ab4a450","1,712","","","","","uk","1.1","","","","","","https://detailvcar.com.ua/katalog/blue-clay/","2025-11-17 15:56:38"
"https://ebrand.ua/ru/hlyna-i-lubrykanty/11364/","https://ebrand.ua/ru/hlyna-i-lubrykanty/11364/","text/html; charset=UTF-8","200","OK","Indexable","","Купить Глина для авто синяя 100г 208943 208943 в интернет магазине Ebrand","73","729","【Глина для авто синяя 100г 208943】 — купить по лучшей цене в интернет магазине Ebrand ✈ Доставка ✅ Отзывы ☎ 097 589-90-99","121","839","полировка, полировка авто, очиститель кузова, синяя глина, чистящий пластилин, очиститель перед полировкой, Чистящая глина, очищающая глина, Глина для авто синяя Ranal MEDIUM 100г, глина для чистки кузова, глина для кузова, глина для авто, глина для чистк","255","Глина для авто синяя 100г 208943","32","","0","","0","","0","all","","","https://ebrand.ua/ru/hlyna-i-lubrykanty/11364/","","","","","","314994","38889","38889","15,154","","1465","431","3,399","100,000","Very Easy","3,390","0","3","","17","1","0","1,640","318","295","0","4","4","0","","","","","b1fc4cd71dcab8896fd1fdc13dca6a79","0,558","","","","","ru","1.1","","","","","","https://ebrand.ua/ru/hlyna-i-lubrykanty/11364/","2025-11-17 15:56:37"
"https://tiptoppro.com/ru/avtoshampun-z-voskom-shampoowax-top-dlya-ruchnoi-miyki-1-l/","https://tiptoppro.com/ru/avtoshampun-z-voskom-shampoowax-top-dlya-ruchnoi-miyki-1-l/","text/html; charset=UTF-8","200","OK","Indexable","","Купить автохимия, автошампунь с воском Shampoo&Wax TOP для ручной мойки 1 л  в Украине","86","884","Активная пена Автошампунь с воском Shampoo&Wax TOP для ручной мойки 1 л для бесконтактной мойки машин по цене производителя. Фирменный интернет-магазин TipTop Pro Украина. Для заказа звоните +38 068 56 56 555.","209","1512","","0","Автошампунь с воском Shampoo&Wax TOP для ручной мойки 1 л","57","","0","","0","","0","all","","","https://tiptoppro.com/ru/avtoshampun-z-voskom-shampoowax-top-dlya-ruchnoi-miyki-1-l/","","","","","","125309","27488","27488","10,712","","479","150","3,193","100,000","Very Easy","3,260","0","2","","20","1","0","1,640","48","23","0","6","6","0","","","","","d5015681a2153a71ed38c9fbf4038513","1,014","","","","","ru","1.1","","","","","","https://tiptoppro.com/ru/avtoshampun-z-voskom-shampoowax-top-dlya-ruchnoi-miyki-1-l/","2025-11-17 15:56:31"
"https://ebrand.ua/ru/shampuni-dlia-ruchnoho-myttia/","https://ebrand.ua/ru/shampuni-dlia-ruchnoho-myttia/","text/html; charset=UTF-8","200","OK","Indexable","","Шампуни для ручной мойки авто купить | Лучшие автошампуни – ebrand.ua","69","705","Большой выбор шампуней для ручной мойки автомобиля в интернет-магазине ebrand.ua! ✅ Профессиональные и pH-нейтральные автошампуни. ⭐ Высокое качество, густая пена, безопасность для ЛКП. 🚚 Доставка по всей Украине. Заказывайте!","227","1615","шампунь для ручной мойки, автошампунь ручной, купить шампунь для авто, шампунь для мойки автомобиля вручную, профессиональный автошампунь, pH-нейтральный шампунь, шампунь с воском, автокосметика, уход за авто, ebrand, шампуни для детейлинга","240","Шампуни для ручной мойки автомобиля","35","","0","","0","","0","all","","","https://ebrand.ua/ru/shampuni-dlia-ruchnoho-myttia/","https://ebrand.ua/ru/shampuni-dlia-ruchnoho-myttia/filter/page=2/","","","","","483498","49084","49084","19,127","","2127","636","3,344","100,000","Very Easy","3,232","0","2","","15","4","0","6,560","423","383","0","4","4","0","","","","","85abc15198fd754c683a10e3ad146ef4","1,106","","","","","ru","1.1","","","","","","https://ebrand.ua/ru/shampuni-dlia-ruchnoho-myttia/","2025-11-17 15:56:37"
"https://avtoapteka.ua/avtohimiia/shampuni/","https://avtoapteka.ua/avtohimiia/shampuni/","text/html; charset=utf-8","200","OK","Indexable","","Шампунь для авто — купить автомобильные автошампуни для мойки машины в интернет магазине | Цена | Киев, Днепр, Харьков, Одесса","126","1287","Заказать автомобильные шампуни/автошампуни для мойки машины/авто по выгодной цене Вы можете в нашем интернет магазине ✅Широкий ассортимент","138","1041","","0","Автомобильные шампуни","21","","0","Виды автомобильных шампуней","27","Преимущества покупки автокосметики в компании «Авто аптека»","59","","","","https://avtoapteka.ua/avtohimiia/shampuni/","https://avtoapteka.ua/avtohimiia/shampuni/?page=2","","","","","388789","66978","66978","26,100","","1189","402","2,958","100,000","Very Easy","4,200","0","2","","12","3","0","4,920","504","224","0","9","8","0","","","","","45694e1eea71e67965975aff4bb32eb6","0,654","","","","","ru","1.1","","","","","","https://avtoapteka.ua/avtohimiia/shampuni/","2025-11-17 15:56:39"
"https://automoyka.ua/catalog/shampuni-dlya-ruchnoy-i-nano-moyki/","https://automoyka.ua/catalog/shampuni-dlya-ruchnoy-i-nano-moyki/","text/html; charset=UTF-8","200","OK","Indexable","","Автошампуни для ручной и нано-мойки| Купить на automoyka.ua","59","600","Профессиональные шампуни для ручной и нано-мойки авто. Широкий ассортимент концентратов с эффектом блеска. Закажите качественный автошампунь с доставкой по Украине.","164","1202","","0","Шампуни для ручной мойки","24","","0","","0","","0","index, follow","","","","","","","","","606647","61563","61563","23,990","","2791","872","3,201","100,000","Very Easy","3,766","0","2","","35","5","0","8,200","322","113","0","3","3","0","","","","","f9d0fb65c44b533cdb06a4dcd9c9057c","0,468","Wed, 12 Nov 2025 09:20:41 GMT","","","","ru","1.1","","","","","","https://automoyka.ua/catalog/shampuni-dlya-ruchnoy-i-nano-moyki/","2025-11-17 15:56:40"
"https://detailshop.ua/ru/acid-shampoo-a-kislotnii-shampun-dlia-keramichnih-lakiv-ta-pokrittiv-22-kg","https://detailshop.ua/ru/acid-shampoo-a-kislotnii-shampun-dlia-keramichnih-lakiv-ta-pokrittiv-22-kg","text/html; charset=utf-8","200","OK","Indexable","","Koch Chemie Acid Shampoo A кислотный шампунь для керамических лаков и покрытий 22 кг | Купить в Украине: Киеве, Харькове, Днепре, Одессе, Запорожье, Львове - detailshop.ua","171","1693","Купить Koch Chemie Acid Shampoo A кислотный шампунь для керамических лаков и покрытий 22 кг Украина. Цена 9922 грн. в наличии! Обзор, отзывы, описание для Koch Chemie Acid Shampoo A кислотный шампунь для керамических лаков и покрытий 22 кг","239","1703","","0","Koch Chemie Acid Shampoo A кислотный шампунь для керамических лаков и покрытий 22 кг","84","","0","Koch Chemie Acid Shampoo A кислотный шампунь для керамических лаков и покрытий 22 кг","84","Написать отзыв","14","index, follow","","","https://detailshop.ua/ru/acid-shampoo-a-kislotnii-shampun-dlia-keramichnih-lakiv-ta-pokrittiv-22-kg","","","","","","71463","19045","19045","7,422","","516","131","3,939","100,000","Very Easy","13,463","0","1","","3","1","0","1,640","322","164","0","7","4","0","","","","","d0a1830c18e47a5fb2dc9033ac6c38a7","0,383","","","","","ru","1.1","","","","","","https://detailshop.ua/ru/acid-shampoo-a-kislotnii-shampun-dlia-keramichnih-lakiv-ta-pokrittiv-22-kg","2025-11-17 15:56:38"
"https://drivecare.com.ua/ru/kyslotnyi-avtoshampun-dlia-avto-chto-to-y-kohda-eho-yspolzovat/","https://drivecare.com.ua/ru/kyslotnyi-avtoshampun-dlia-avto-chto-to-y-kohda-eho-yspolzovat/","text/html; charset=utf-8","200","OK","Indexable","","Кислотный автошампунь для авто: что это и когда его использовать?","65","652","","0","0","","0","Кислотный автошампунь для авто: что это и когда его использовать?","65","","0","Что такое кислотный автошампунь?","32","Когда стоит использовать кислотный автошампунь?","47","max-image-preview:large","","","https://drivecare.com.ua/ru/kyslotnyi-avtoshampun-dlia-avto-chto-to-y-kohda-eho-yspolzovat/","","","","","","225336","25530","25530","9,949","","992","260","3,815","100,000","Very Easy","4,881","0","2","","2","1","0","1,640","144","115","0","8","6","0","","","","","300202a156305c842d062042cb42ae40","0,388","","","","","ru","1.1","","","","","","https://drivecare.com.ua/ru/kyslotnyi-avtoshampun-dlia-avto-chto-to-y-kohda-eho-yspolzovat/","2025-11-17 15:56:38"
"https://avtozvuk.ua/ochistiteli-diskov/c1265","https://avtozvuk.ua/ochistiteli-diskov/c1265","text/html; charset=UTF-8","403","Forbidden","Non-Indexable","Client Error","","0","0","","0","0","","0","","0","","0","","0","","0","","","","","","","","","","0","0","0","0,000","","0","","","","","0,000","0","1","","0","0","0","0,000","0","0","0","0","0","0","","","","","","0,051","","","","","","1.1","","","","","","https://avtozvuk.ua/ochistiteli-diskov/c1265","2025-11-17 15:56:39"
"https://automoyka.ua/catalog/sredstva-dlya-ochistki-diskov/","https://automoyka.ua/catalog/sredstva-dlya-ochistki-diskov/","text/html; charset=UTF-8","200","OK","Indexable","","Купить средства для очистки колёсных дисков автомобиля.","55","566","Широкий спектр очистителей для колёсных автомобильных дисков. Кислотные и безкислотные очистители дисков колёс. Всё для детейлинга и автомоек.","142","1028","","0","Средства для колесных дисков","28","","0","Профессиональная Чистка Дисков: Гид для Владельцев Автомоек. Эффективность и Безопасность","89","","0","index, follow","","","","","","","","","557698","60952","60952","23,752","","2934","854","3,436","100,000","Very Easy","4,444","0","2","","35","5","0","8,200","321","115","0","3","3","0","","","","","4a712a05dca511694c0b0448ed8413f7","0,316","Fri, 10 Oct 2025 09:49:08 GMT","","","","ru","1.1","","","","","","https://automoyka.ua/catalog/sredstva-dlya-ochistki-diskov/","2025-11-17 15:56:40"
"https://shop.cardetaillab.ua/category/dlya_koles/deystvie_ochistka/mesto-primeneniya-kolesa_diski","https://shop.cardetaillab.ua/category/dlya_koles/deystvie_ochistka/mesto-primeneniya-kolesa_diski","text/html; charset=UTF-8","200","OK","Indexable","","Очистители колёсных дисков авто — купить в интернет-магазине CarDetailLab","73","731","Покупайте очистители колёсных дисков авто в интернет-магазине товаров для детейлинга CarDetailLab. Широкий ассортимент, мировые бренды.","135","967","","0","Очистители колёсных дисков","26","","0","Очистители колёсных дисков: сияние без усилий","45","","0","","","","","","","","","","630516","62362","62362","24,301","","861","320","2,691","100,000","Very Easy","3,980","0","3","","12","5","0","8,200","887","343","0","17","7","0","","","","","6d39366dc49fe781e437b7bfe4563dce","0,428","","","","","ru","1.1","","","","","","https://shop.cardetaillab.ua/category/dlya_koles/deystvie_ochistka/mesto-primeneniya-kolesa_diski","2025-11-17 15:56:33"
"https://cordis.in.ua/ru/ochistitel-diskov","https://cordis.in.ua/ru/ochistitel-diskov","text/html; charset=utf-8","200","OK","Indexable","","Очиститель дисков Kenotek с индикатором | Купить для авто | Бельгия","67","659","Профессиональный очиститель дисков Kenotek с индикатором очистки. Удаляет тормозную пыль и загрязнения без повреждения поверхности. Бельгийское качество. Доставка по Украине.","174","1260","","0","Химия для чистки дисков","23","","0","Средство чистки колесных дисков.","32","","0","","","","https://cordis.in.ua/ru/ochistitel-diskov","","","","","","38374","10213","10213","3,980","","1358","251","5,410","100,000","Very Easy","33,651","0","1","","2","1","0","1,640","31","20","0","1","1","0","","","","","193a8ac02a3e76268ec68be648cf3ead","0,055","","","","","ru","1.1","","","","","","https://cordis.in.ua/ru/ochistitel-diskov","2025-11-17 15:56:39"
"https://avtoapteka.ua/avtohimiia/moiushchie-i-chistiashchie-sredstva/dlia-shin-i-diskov/","https://avtoapteka.ua/avtohimiia/moiushchie-i-chistiashchie-sredstva/dlia-shin-i-diskov/","text/html; charset=utf-8","200","OK","Indexable","","Моющее средство для шин автомобиля — купить чистящие средства дисков авто в интернет магазине | Цена | Киев, Днепр, Харьков, Одесса","131","1322","Заказать моющие средства для чистки шин/дисков автомобиля по выгодной цене ✅Широкий ассортимент ✅Доставка по всей Украине ✅Качественное обслуживание","148","1091","","0","Моющие и чистящие средства для шин и дисков","43","","0","","0","","0","","","","https://avtoapteka.ua/avtohimiia/moiushchie-i-chistiashchie-sredstva/dlia-shin-i-diskov/","https://avtoapteka.ua/avtohimiia/moiushchie-i-chistiashchie-sredstva/dlia-shin-i-diskov/?page=2","","","","","385186","67312","67312","26,230","","1066","344","3,099","100,000","Very Easy","3,849","0","3","","6","3","0","4,920","505","224","0","11","10","0","","","","","3dea64bea9712424860460e3691d33e0","0,677","","","","","ru","1.1","","","","","","https://avtoapteka.ua/avtohimiia/moiushchie-i-chistiashchie-sredstva/dlia-shin-i-diskov/","2025-11-17 15:56:40"
"https://ebrand.ua/ru/ochystka-kolisnykh-dyskiv/","https://ebrand.ua/ru/ochystka-kolisnykh-dyskiv/","text/html; charset=UTF-8","200","OK","Indexable","","Мойка и химчистка экстерьера Очистители колесных дисков — купить в интернет магазине Ebrand","91","929","【Купить Мойка и химчистка экстерьера Очистители колесных дисков】 — в Интернет магазине Ebrand ✅ В наличии товаров: 68 от 115 грн ✈ Доставка ✅ Отзывы","148","1037","","0","Очистители колесных дисков","26","","0","","0","","0","all","","","https://ebrand.ua/ru/ochystka-kolisnykh-dyskiv/","https://ebrand.ua/ru/ochystka-kolisnykh-dyskiv/filter/page=2/","","","","","426732","46031","46031","17,937","","1604","500","3,208","100,000","Very Easy","2,633","0","2","","15","4","0","6,560","383","343","0","4","4","0","","","","","7510590ad8cefa22d8459bf556957313","0,856","","","","","ru","1.1","","","","","","https://ebrand.ua/ru/ochystka-kolisnykh-dyskiv/","2025-11-17 15:56:37"
"https://glosspoint.com.ua/moyka-i-ekster-er/ochistiteli-kolesnyh-diskov/","https://glosspoint.com.ua/moyka-i-ekster-er/ochistiteli-kolesnyh-diskov/","text/html; charset=UTF-8","200","OK","Indexable","","Очистители дисков колес: литых, тормозных дисков — купить средство для очистки дисков в Украине — Glosspoint","108","1082","↑ Очистители дисков колес — широкий выбор, доступные цены. Доставка по Украине: Киев, Одесса, Харьков, Днепр ...","112","779","","0","Очистители колесных дисков","26","","0","Очиститель дисков и тормозной пыли Deturner Bloody Wheels, 1л","61","Очиститель дисков и тормозной пыли Deturner Bloody Wheels, 1л","61","follow, index, max-snippet:-1, max-video-preview:-1, max-image-preview:large","","","https://glosspoint.com.ua/moyka-i-ekster-er/ochistiteli-kolesnyh-diskov/","https://glosspoint.com.ua/moyka-i-ekster-er/ochistiteli-kolesnyh-diskov/page/2/","","","","","683381","79299","79299","30,901","","4321","1097","3,939","100,000","Very Easy","4,236","0","2","","115","4","0","6,560","906","266","0","2","2","0","","","","","e534f87f82780e47dcc866ff4ae9802a","0,966","","","","","ru-RU","1.1","","","","","","https://glosspoint.com.ua/moyka-i-ekster-er/ochistiteli-kolesnyh-diskov/","2025-11-17 15:56:36"
"https://www.drive2.ru/l/500586479601320314/","https://www.drive2.ru/l/500586479601320314/","text/html; charset=utf-8","200","OK","Indexable","","Сравнение 4 очистителей колесных дисков. Turtle Wax, Lavr, Grass, 3Ton. — Hyundai Tucson (TL), 2 л, 2016 года | мойка | DRIVE2","126","1179","Опыт эксплуатации Hyundai Tucson (TL): Сравнение 4 очистителей колесных дисков.



Набрал очистителей дисков для ежегодной весенней чистки авто. Turtle wax у меня остался еще с прошлого года, к нему прикупил Lavr, Grass, 3Ton (тритон). Ср…. Узнайте подробности, смотрите фото и читайте на DRIVE2.","296","2025","","0","Сравнение 4 очистителей колесных дисков. Turtle Wax, Lavr, Grass, 3Ton.","71","","0","Запчасти и Шины","15","Hyundai Tucson 2016, двигатель дизельный 2.0 л, 185 л. с., полный привод, автоматическая коробка передач — мойка","112","","","","https://www.drive2.ru/l/500586479601320314/","","","","","","491564","47088","47088","18,349","","5203","1151","4,520","100,000","Very Easy","6,983","0","2","","120","1","0","1,640","761","142","0","38","29","0","","","","","3ffc63cb214f7a6e928cdc8a16a65472","0,859","","","","","ru","1.1","","","","","","https://www.drive2.ru/l/500586479601320314/","2025-11-17 15:56:30"
"https://meguiars.com.ua/ru/steklo","https://meguiars.com.ua/ru/steklo","text/html; charset=UTF-8","200","OK","Indexable","","Очиститель стекла авто, стеклоочиститель, жидкость для очистки стекла","69","691","⏩ Купить очиститель для стекла автомобиля. ⭐ Жидкость, средство для очистки стекла ✈️ Доставка в Киев, Днепр, Харьков, Львов, Одессу и по всей Украине. ☎️ (067) 249-32-03","170","1157","жидкость для очистки стекла, очистка стекла автомобиля, очиститель стекол","73","Автокосметика для стекол автомобиля","35","","0","Очиститель для стекол автомобиля - купить в Украине","51","","0","","","","https://meguiars.com.ua/ru/steklo","","","","","","97601","15500","15500","6,040","","889","227","3,916","100,000","Very Easy","8,693","0","1","","21","3","0","4,920","164","67","0","12","6","0","","","","","c6f23319b3bd9db21656049dae158951","0,383","","","","","ru","1.1","","","","","","https://meguiars.com.ua/ru/steklo","2025-11-17 15:56:35"
"https://detailshop.ua/ru/g13574427-ochistiteli-stekol/","https://detailshop.ua/ru/g13574427-ochistiteli-stekol/","text/html; charset=utf-8","200","OK","Indexable","","Очистители стекол для авто: Meguiar's, POLYTOP, Gyeon, KochChemie, Carline, Auto Magic - detailshop.ua","102","960","Купить очистители стекол для авто от Meguiar's, POLYTOP, Gyeon, KochChemie, Carline, Auto Magic: лучшая цена в Киеве и Украине.","127","857","","0","Очистители стекол для авто: Meguiar's, POLYTOP, Gyeon, KochChemie, Carline, Auto Magic","86","","0","Очистители стекол","17","Почему важны качественные очистители стекол для авто?","53","index, follow","","","https://detailshop.ua/ru/g13574427-ochistiteli-stekol/","","","","","","163945","36038","36038","14,043","","1298","361","3,596","100,000","Very Easy","9,008","0","2","","9","3","0","4,920","393","181","0","7","4","0","","","","","c93fe098c51f69a69b7fdcfc5459b7ce","1,110","","","","","ru","1.1","","","","","","https://detailshop.ua/ru/g13574427-ochistiteli-stekol/","2025-11-17 15:56:38"
"https://glosspoint.com.ua/interjer/sredstva-dlya-stekol/","https://glosspoint.com.ua/interjer/sredstva-dlya-stekol/","text/html; charset=UTF-8","200","OK","Indexable","","Средства для мытья автомобильных стекол — купить средство для чистки стекол машины в Украине — Glosspoint","105","1075","↑ Средства для мытья автомобильных стекол — широкий выбор, доступные цены. Доставка по Украине: Киев, Одесса, Харьков, Днепр ...","128","904","","0","Средства для стекол","19","","0","Очиститель автомобильных стекол Deturner Hydro Glass, 1л","56","Очиститель автомобильных стекол Deturner Hydro Glass, 1л","56","follow, index, max-snippet:-1, max-video-preview:-1, max-image-preview:large","","","https://glosspoint.com.ua/interjer/sredstva-dlya-stekol/","https://glosspoint.com.ua/interjer/sredstva-dlya-stekol/page/2/","","","","","653226","76663","76663","29,874","","3605","989","3,645","100,000","Very Easy","3,453","0","2","","110","4","0","6,560","851","259","0","2","2","0","","","","","d0ae367d01eb353a66e35f81f3edb110","0,959","","","","","ru-RU","1.1","","","","","","https://glosspoint.com.ua/interjer/sredstva-dlya-stekol/","2025-11-17 15:56:36"
"https://autodetailing.ua/ru/catalog/categories/eksterer/glubokaya-chistka/stekla","https://autodetailing.ua/ru/catalog/categories/eksterer/glubokaya-chistka/stekla","text/html; charset=UTF-8","200","OK","Indexable","","Очиститель стекла для авто, купить очиститель для стекла автомобиля — Autodetailing","83","814","Покупайте【очиститель стекла】для авто на сайте Автодетейлинг ➤➤➤ Широкий выбор средств для стекол автомобиля антидождь ⭐ Автокосметика и оборудования от лучших брендов ? Выгодные цены ? Гарантия качества ✅ Доставка по всей Украине ⭐","231","1652","Очиститель стекла, стеклоочиститель профессиональный, глубокая очистка стекол, средство для очистки стекол, продажа, цена, купить, Украина, недорого, предложение, доставка","171","Очистители стекол","17","","0","Выбор средства для очистки стекол","33","Топ-5 лучших препаратов для стекол автомобиля","45","","","","https://autodetailing.ua/ru/catalog/categories/eksterer/glubokaya-chistka/stekla","https://autodetailing.ua/ru/catalog/categories/eksterer/glubokaya-chistka/stekla/page=2","","","","","469192","59543","59543","23,203","","1037","295","3,515","100,000","Very Easy","2,210","0","5","","9","1","0","1,640","284","225","0","5","5","0","","","","","3d64d503c2857f199368f8c41e5ca3cd","0,931","","","","","ru","1.1","","","","","","https://autodetailing.ua/ru/catalog/categories/eksterer/glubokaya-chistka/stekla","2025-11-17 15:56:41"
"https://automoyka.ua/catalog/ochistiteli-stekol/","https://automoyka.ua/catalog/ochistiteli-stekol/","text/html; charset=UTF-8","200","OK","Indexable","","Очиститель стекол авто купить в интернет-магазине Automoyka.ua","62","625","Купить профессиональные очистители стекол для автомоек. Эффективная автохимия без разводов. Концентраты и спреи для детейлинга.","127","923","","0","Очистители стекол","17","Очистители стекол для профессионального детейлинга","50","Почему стоит инвестировать в профессиональные очистители стекол?","64","","0","index, follow","","","","","","","","","439522","52035","52035","20,277","","2382","669","3,561","100,000","Very Easy","4,635","0","2","","35","5","0","8,200","323","114","0","3","3","0","","","","","c18b8dc7bf124d32c68f303d71f3ab4","0,381","Wed, 05 Nov 2025 11:44:12 GMT","","","","ru","1.1","","","","","","https://automoyka.ua/catalog/ochistiteli-stekol/","2025-11-17 15:56:40"
"https://shop.cardetaillab.ua/category/dlya_stekol/deystvie_ochistka","https://shop.cardetaillab.ua/category/dlya_stekol/deystvie_ochistka","text/html; charset=UTF-8","200","OK","Indexable","","Средства для очистки стёкол и зеркал авто — купить в интернет-магазине CarDetailLab","83","815","Покупайте средства для очистки стёкол и зеркал авто в интернет-магазине товаров для детейлинга CarDetailLab. Широкий ассортимент, мировые бренды. Доставка по всей Украине.","171","1209","","0","Средства для очистки стёкол и зеркал авто","41","","0","Для чего нужны профессиональные очистители стекол","49","","0","","","","","","","","","","650278","62543","62543","24,372","","880","300","2,933","100,000","Very Easy","3,908","0","2","","12","5","0","8,200","880","336","0","17","7","0","","","","","20cc34d8b6f75c58a8f9eb0fde1cf5db","0,421","","","","","ru","1.1","","","","","","https://shop.cardetaillab.ua/category/dlya_stekol/deystvie_ochistka","2025-11-17 15:56:33"
"https://www.avtoradosti.com.ua/katalog-tovara/23505.html","https://www.avtoradosti.com.ua/katalog-tovara/23505.html","text/html; charset=Windows-1251","200","OK","Indexable","","Средства по уходу за стеклами автомобиля - купить в интернет магазине Avtoradosti.com.ua","88","866","В интернет магазине Авторадости - Avtoradosti.com.ua вы сможете купить средства по уходу за стеклами автоомбиля. Здесь низкие цены, широкий выбор, доставка по всей Украине.","172","1207","Уход за стеклами, купить, продажа, каталог, интернет магазин, цены","66","Уход за стеклами","16","","0","Уход за стеклами цена от Авторадости: От 55 грн. До 37 630 грн.","63","","0","","","","","https://www.avtoradosti.com.ua/katalog-tovara/23505/p_2.html","","","","","137548","24930","24930","9,715","","1372","444","3,090","100,000","Very Easy","11,702","0","1","","17","2","0","3,280","510","415","0","4","4","0","","","","","7730538707306b38c96af63eb658d6bf","5,028","","","","","ru","1.1","","","","","","https://www.avtoradosti.com.ua/katalog-tovara/23505.html","2025-11-17 15:56:30"
"https://shinadiski.com.ua/sect/sredstva-dlya-avtostekol/","https://shinadiski.com.ua/sect/sredstva-dlya-avtostekol/","text/html; charset=utf-8","200","OK","Indexable","","Средства для автостекол - купить средства для чистки стекол авто - магазин ШинаДиски","84","839","Автозапчасти от ⚡ ШинаДиски ⚡. Цены на средства для автостекол ❗ в интернет магазине SHINADISKI.COM.UA ⭐ Заказывай и покупай средства для автостекол с доставкой по Украине.","172","1213","Средства для автостекол, купить, интернет магазин, цены","55","Средства для автостекол","23","","0","Чем отличаются разные средства для автостекол?","46","","0","","","","","","","","","","66071","13836","13836","5,392","","858","269","3,190","100,000","Very Easy","9,873","0","2","","12","1","0","1,640","170","118","0","3","3","0","","","","","7f9495e8e7f9585a56d7d6493382f603","0,470","","","","","ru-ua","1.1","","","","","","https://shinadiski.com.ua/sect/sredstva-dlya-avtostekol/","2025-11-17 15:56:34"
"https://temol.ua/ru/autocosmetics/glass-washers","https://temol.ua/ru/autocosmetics/glass-washers","text/html; charset=UTF-8","200","OK","Indexable","","ᐈ Очиститель стекла авто - купить средство для стекол автомобиля по выгодной цене | TEMOL","89","886","Очиститель стекла высокого качества для вашего автомобиля ✓ Мы предлагаем широкий ассортимент средств для стекол автомобиля по отличным ценам ➔ Быстрая доставка ★ Закажите сейчас и продлите жизнь своего авто!","208","1498","Автокосметика: Группа - омыватели стекла","40","Очистители стекол авто","22","","0","Какую работу выполняет очиститель стекол для авто","49","Каких видов бывают очистители стекла авто?","42","","","","","","","","","","45348","10065","10065","3,922","","651","134","4,858","100,000","Very Easy","14,448","0","2","","3","1","0","1,640","61","27","0","13","9","0","","","","","4dcf63864ed2456da11d55c7c30db5d3","0,198","","","","","ru","1.1","","","","","","https://temol.ua/ru/autocosmetics/glass-washers","2025-11-17 15:56:32"
"https://chemicalguys.ua/ru/ochysnyk-kolis-i-dyskiv/","https://chemicalguys.ua/ru/ochysnyk-kolis-i-dyskiv/","text/html; charset=UTF-8","200","OK","Indexable","","КОЛЕСА И ДИСКИ ОЧИСТИТЕЛЬ ШИН И ДИСКОВ — купить в интернет магазине Chemical Guys Україна","89","963","【Купить КОЛЕСА И ДИСКИ ОЧИСТИТЕЛЬ ШИН И ДИСКОВ】 — в Интернет магазине Chemical Guys Україна ✅ В наличии товаров: 14 от 277 грн ✈ Доставка ✅ Отзывы","146","1065","","0","ОЧИСТИТЕЛЬ ШИН И ДИСКОВ","23","","0","","0","","0","all","","","https://chemicalguys.ua/ru/ochysnyk-kolis-i-dyskiv/","","","","","","249725","31431","31431","12,248","","746","251","2,972","100,000","Very Easy","2,115","0","2","","10","1","0","1,640","133","99","0","4","4","0","","","","","fc780cf4089468ae837f6c8255d07ea1","0,604","","","","","ru","1.1","","","","","","https://chemicalguys.ua/ru/ochysnyk-kolis-i-dyskiv/","2025-11-17 15:56:39"
"https://detailshop.ua/ru/p1940541375-carpro-retyre-500ml","https://detailshop.ua/ru/p1940541375-carpro-retyre-500ml","text/html; charset=utf-8","200","OK","Indexable","","CARPRO ReTyre 500 ml - мощный очиститель шин и резины | Купить в Украине: Киеве, Харькове, Днепре, Одессе, Запорожье, Львове - detailshop.ua","140","1374","Купить CARPRO ReTyre 500 ml - мощный очиститель шин и резины Украина. Цена 642 грн. в наличии! Обзор, отзывы, описание для CARPRO ReTyre 500 ml - мощный очиститель шин и резины","176","1251","","0","CARPRO ReTyre 500 ml - мощный очиститель шин и резины","53","","0","CARPRO ReTyre 500 ml - мощный очиститель шин и резины","53","Написать отзыв","14","index, follow","","","https://detailshop.ua/ru/p1940541375-carpro-retyre-500ml","","","","","","98948","25465","25465","9,923","","721","172","4,192","100,000","Very Easy","10,547","0","1","","3","1","0","1,640","353","175","0","7","4","0","","","","","461f567f226ea0fbd9bf72492489eebd","0,514","","","","","ru","1.1","","","","","","https://detailshop.ua/ru/p1940541375-carpro-retyre-500ml","2025-11-17 15:56:38"
"https://glosspoint.com.ua/moyka-i-ekster-er/uhod-za-rezinoy-i-vneshnim-plastikom/","https://glosspoint.com.ua/moyka-i-ekster-er/uhod-za-rezinoy-i-vneshnim-plastikom/","text/html; charset=UTF-8","200","OK","Indexable","","Средства для ухода за резиной и очистители пластика автомобиля — купить в Украине — Glosspoint","94","936","↑ Средства для ухода за резиной и очистители пластика автомобиля — широкий выбор, доступные цены. Доставка по Украине: Киев, Одесса, Харьков, Днепр ...","151","1055","","0","Уход за резиной и внешним пластиком","35","","0","Концентрированный очиститель для шин и резины FX Protect Tire and Rubber Cleaner, 5л","84","Концентрированный очиститель для шин и резины FX Protect Tire and Rubber Cleaner, 5л","84","follow, index, max-snippet:-1, max-video-preview:-1, max-image-preview:large","","","https://glosspoint.com.ua/moyka-i-ekster-er/uhod-za-rezinoy-i-vneshnim-plastikom/","https://glosspoint.com.ua/moyka-i-ekster-er/uhod-za-rezinoy-i-vneshnim-plastikom/page/2/","","","","","684492","79980","79980","31,167","","4695","1118","4,199","100,000","Very Easy","4,500","0","2","","117","4","0","6,560","951","259","0","3","3","0","","","","","5a8c47be170d44a47a0bfb00dc3cde37","1,000","","","","","ru-RU","1.1","","","","","","https://glosspoint.com.ua/moyka-i-ekster-er/uhod-za-rezinoy-i-vneshnim-plastikom/","2025-11-17 15:56:35"
"https://meguiars.com.ua/ru/shiny-i-kolesa","https://meguiars.com.ua/ru/shiny-i-kolesa","text/html; charset=UTF-8","200","OK","Indexable","","Средства для чернения шин. Средства для колес автомобиля | Meguiar's Украина","76","763","⏩ Купить автохимию для шин и дисков  ⭐ Очистители, чернители резины авто ✈️ Доставка в Киев, Днепр, Харьков, Львов, Одессу и по всей Украине. ☎️ (067) 249-32-03","160","1087","чернение шин, очиститель для шин, шампунь для шин, спрей для дисков","67","Автокосметика для шин, колес, дисков авто","41","","0","Очистители для шин, колес, дисков","33","Очистители для дисков","21","","","","https://meguiars.com.ua/ru/shiny-i-kolesa","","","","","","116760","18100","18100","7,053","","1303","316","4,123","100,000","Very Easy","9,510","0","1","","21","3","0","4,920","185","78","0","12","6","0","","","","","8d7b390b8948e9901711b8a42bb1bd38","0,423","","","","","ru","1.1","","","","","","https://meguiars.com.ua/ru/shiny-i-kolesa","2025-11-17 15:56:35"
"https://soft99.com.ua/category/cherneniye-shin","https://soft99.com.ua/category/cherneniye-shin","text/html; charset=UTF-8","200","OK","Indexable","","Чернители для шин: средства для чернения резины — купить в интернет-магазине SOFT99","83","849","Профессиональные чернители для шин — возвращают насыщенный цвет, придают блеск и защищают резину от трещин, выцветания и воздействия внешней среды.","147","1092","","0","Чернители для шин","17","","0","","0","","0","","","","","","","","","","146293","18171","18171","7,081","","711","219","3,247","100,000","Very Easy","3,914","0","1","","3","1","0","1,640","130","71","0","3","2","0","","","","","c145e6705f1036de74ec11eafdf82a51","0,796","","","","","ru","1.1","","","","","","https://soft99.com.ua/category/cherneniye-shin","2025-11-17 15:56:32"
"https://dok.ua/catalog/cherniteli-shin","https://dok.ua/catalog/cherniteli-shin","text/html; charset=UTF-8","200","OK","Indexable","","Чернитель резины: купить чернитель шин в Украине и Киеве | dok.ua","65","643","Чернитель резины: все бренды и консистенции (гель, аэрозоль, жидкость и пена). Лучшие цены. Отзывы, оценки и рейтинг ✈ Доставка по Киеву и Украине. ☎: 044 221-06-15 ➤ Купить в DOK.ua","182","1249","чернитель шин, чернитель резины, продажа, заказать, стоимость, цена, отзывы, Украина, Киев, Харьков, Днепр, Одесса, Львів, Запорожье, Винница, Житомир, Ивано-Франковск, Кропивницкий, Луцк, Николаев, Полтава, Ровно, Сумы, Тернополь, Ужгород, Херсон, Хмельницкий, Черкассы, Чернигов, Черновцы, Мариуполь, Каменское, Кременчуг, Белая Церковь, Краматорск, Мелитополь, Никополь, Славянск, Бердянск, Павлоград, Северодонецк, Лисичанск, Каменец-Подольский, выбор, интернет-магазин DOK.ua, ДОК","485","Чернитель резины","16","","0","Цены на чернитель резины","24","Часто задаваемые вопросы про чернитель резины","45","","","","https://dok.ua/catalog/cherniteli-shin","https://dok.ua/catalog/cherniteli-shin?page=2","","","","","300425","34424","34424","13,414","","1878","504","3,726","100,000","Very Easy","4,808","0","1","","6","1","0","1,640","132","101","0","3","3","0","","","","","a162b10fb63eb4fb228590a42718585e","0,771","","","","","","1.1","","","","","","https://dok.ua/catalog/cherniteli-shin","2025-11-17 15:56:38"
"https://uht24.ua/ru/category/chernitel-reziny-shin","https://uht24.ua/ru/category/chernitel-reziny-shin","text/html; charset=UTF-8","403","Forbidden","Non-Indexable","Client Error","","0","0","","0","0","","0","","0","","0","","0","","0","","","","","","","","","","0","0","0","0,000","","0","","","","","0,000","0","2","","0","0","0","0,000","0","0","0","0","0","0","","","","","","0,162","","","","","","1.1","","","","","","https://uht24.ua/ru/category/chernitel-reziny-shin","2025-11-17 15:56:30"
"https://atl.ua/avtohimiya/avtokhimiya-dlya-koles/ukhod-za-shinami-chernenie-shin","https://atl.ua/avtohimiya/avtokhimiya-dlya-koles/ukhod-za-shinami-chernenie-shin","text/html; charset=UTF-8","403","Forbidden","Non-Indexable","Client Error","","0","0","","0","0","","0","","0","","0","","0","","0","","","","","","","","","","0","0","0","0,000","","0","","","","","0,000","0","2","","0","0","0","0,000","0","0","0","0","0","0","","","","","","0,151","","","","","","1.1","","","","","","https://atl.ua/avtohimiya/avtokhimiya-dlya-koles/ukhod-za-shinami-chernenie-shin","2025-11-17 15:56:41"
"https://avtozvuk.ua/ukhod-za-shinami/c1263","https://avtozvuk.ua/ukhod-za-shinami/c1263","text/html; charset=UTF-8","403","Forbidden","Non-Indexable","Client Error","","0","0","","0","0","","0","","0","","0","","0","","0","","","","","","","","","","0","0","0","0,000","","0","","","","","0,000","0","1","","0","0","0","0,000","0","0","0","0","0","0","","","","","","0,083","","","","","","1.1","","","","","","https://avtozvuk.ua/ukhod-za-shinami/c1263","2025-11-17 15:56:39"
"https://artdetailing.com.ua/eksterer/sredstva-dlya-shin?page=3","https://artdetailing.com.ua/eksterer/sredstva-dlya-shin?page=3","text/html; charset=utf-8","200","OK","Indexable","","Купить чернение резины в интернет-магазине ArtDetailingUA по самой выгодной цене","80","804","Средство для чернения шин - широкий ассортимент товаров для ухода за авто. Очиститель шин от европейского производителя высокого качества. Только оригинальная продукция. Удобная доставка по Украине, самовывоз","208","1494","средство для чернения шин, средство для чернения колес, средство для чистки шин, купить чернение резины, средство для чернения резины, чернение резины купить, средство для чернения пластика, очиститель шин","205","Средства для шин","16","","0","ЧЕРНЕНИЯ РЕЗИНЫ ЛУЧШИЕ СРЕДСТВА","31","ПРАВИЛЬНЫЙ УХОД ЗА РЕЗИНОЙ И ОЧИСТКА КОЛЕС АВТОМОБИЛЯ","53","","","","","https://artdetailing.com.ua/sredstva-dlya-shin?page=4","https://artdetailing.com.ua/sredstva-dlya-shin?page=2","","","","188749","38854","38854","15,141","","906","236","3,839","100,000","Very Easy","4,415","0","1","","0","0","0","0,000","179","96","0","4","4","0","","","","","f3df95661dacb1f452dfaab6f586be5f","0,564","","","","","ru","1.1","","","","","","https://artdetailing.com.ua/eksterer/sredstva-dlya-shin?page=3","2025-11-17 15:56:41"
"https://avtoapteka.ua/avtohimiia/poliroli/poliroli-dlia-shin/","https://avtoapteka.ua/avtohimiia/poliroli/poliroli-dlia-shin/","text/html; charset=utf-8","200","OK","Indexable","","Полироль для шин — купить полироль для резины автомобиля в интернет магазине | Цена | Киев, Днепр, Харьков, Одесса","114","1141","Заказать полироль для резины/шин автомобиля по выгодной цене Вы можете в нашем интернет магазине ✅Оперативное обслуживание ➤Заходите прямо сейчас!","146","1071","полироль для шин","16","Полироль для шин","16","","0","","0","","0","","","","https://avtoapteka.ua/avtohimiia/poliroli/poliroli-dlia-shin/","","","","","","296971","61850","61850","24,102","","469","132","3,553","100,000","Very Easy","3,550","0","3","","6","3","0","4,920","430","187","0","6","5","0","","","","","5b209e12ff705443be2675a8a7d5460a","0,673","","","","","ru","1.1","","","","","","https://avtoapteka.ua/avtohimiia/poliroli/poliroli-dlia-shin/","2025-11-17 15:56:39"
"https://lido.ua/profesiini-zasobi-dlia-miiok-7169/property-vid-176969","https://lido.ua/profesiini-zasobi-dlia-miiok-7169/property-vid-176969","text/html; charset=UTF-8","200","OK","Indexable","","Полироли для резины и шин авто: купить полироли шин по лучшей цене в Украине | Интернет-магазин LIDO","100","1007","☝ Заказывайте 【 Полироли для резины и шин авто 】 в интернет-магазине LIDO ➦ Купить полироль шин и дисков в Украине с гарантией качества ➦ Отправка по Украине в день заказа ✅ Собственный импорт авто товаров ➝ Звоните ☎️ (067)-190-83-35. / LIDO","242","1667","","0","Полироли для резины и шин авто","30","","0","","0","","0","index, follow","","","","","","","","","275804","32162","32162","12,533","","519","197","2,635","100,000","Very Easy","5,021","0","1","","23","1","0","1,640","573","278","0","3","3","0","","","","","20c50b619ac3259c0401418025dad777","0,508","Sun, 16 Nov 2025 00:00:00 GMT","","","","ru","1.1","","","","","","https://lido.ua/profesiini-zasobi-dlia-miiok-7169/property-vid-176969","2025-11-17 15:56:35"
"https://tiptoppro.com/ru/polirol-chornitel-z-efektom-mokrikh-shin/","https://tiptoppro.com/ru/polirol-chornitel-z-efektom-mokrikh-shin/","text/html; charset=UTF-8","200","OK","Indexable","","Купить автохимия автокосметика чернитель мокрые шины полироль колес","67","711","Полироль-чернитель с эффектом мокрых шин для профессиональной чистки салона авто. Идеально подходит для чистки ткани, велюра, искусственной и натуральной кожи, пластика. Фирменный интернет-магазин TipTop Pro Украина. Для заказа звоните +38 068 56 56 555.","254","1811","","0","Полироль-чернитель с эффектом мокрых шин","40","","0","","0","","0","all","","","https://tiptoppro.com/ru/polirol-chornitel-z-efektom-mokrikh-shin/","","","","","","125092","27145","27145","10,578","","458","152","3,013","100,000","Very Easy","3,250","0","2","","20","1","0","1,640","48","23","0","6","6","0","","","","","40d8ad0eb42b3f3c149a8e73a45ed4e5","1,059","","","","","ru","1.1","","","","","","https://tiptoppro.com/ru/polirol-chornitel-z-efektom-mokrikh-shin/","2025-11-17 15:56:31"
