keyword,volume,category,type,use_in
аккумуляторная полировальная машина,260,akkumulyatornaya,keyword,
полировальная машина на аккумуляторе,260,akkumulyatornaya,keyword,
полировальная машинка на аккумуляторе,260,akkumulyatornaya,keyword,
аккумуляторная полировальная машина для авто,90,akkumulyatornaya,synonym,
полировальная машина для авто на аккумуляторе,20,akkumulyatornaya,synonym,
купить аккумуляторную полировальную машинку,20,akkumulyatornaya,synonym,meta_only
полировочная машинка на аккумуляторе,10,akkumulyatornaya,synonym,
машинка для полировки авто на аккумуляторе,10,akkumulyatornaya,synonym,
аксессуары для мойки авто,50,aksessuary,keyword,
все для мойки авто,50,aksessuary,synonym,
все для мойки автомобилей,40,aksessuary,synonym,
аксессуары для детейлинга,20,aksessuary,keyword,
аксессуары для автомоек,20,aksessuary,synonym,
аксессуары по уходу за автомобилем,10,aksessuary,synonym,
инвентарь для мойки авто,10,aksessuary,synonym,
принадлежности для мойки авто,10,aksessuary,synonym,
купить аксессуары для мойки,10,aksessuary,synonym,meta_only
губка для полировки автомобиля,170,aksessuary-dlya-naneseniya-sredstv,keyword,
губка для полировки авто,170,aksessuary-dlya-naneseniya-sredstv,keyword,
тряпки для полировки авто,50,aksessuary-dlya-naneseniya-sredstv,synonym,
аппликатор для авто,30,aksessuary-dlya-naneseniya-sredstv,synonym,
салфетки для полировки авто,20,aksessuary-dlya-naneseniya-sredstv,synonym,
купить губку для полировки авто,20,aksessuary-dlya-naneseniya-sredstv,synonym,meta_only
губка из микрофибры для авто,10,aksessuary-dlya-naneseniya-sredstv,synonym,
губка для ручной полировки авто,10,aksessuary-dlya-naneseniya-sredstv,synonym,
губка для салона авто,10,aksessuary-dlya-naneseniya-sredstv,synonym,
полировочная губка для авто,10,aksessuary-dlya-naneseniya-sredstv,synonym,
пена для мойки авто,1300,aktivnaya-pena,keyword,
пена для мойки автомобиля,1300,aktivnaya-pena,keyword,
активная пена для мойки авто,1000,aktivnaya-pena,keyword,
активная пена для мойки автомобиля,880,aktivnaya-pena,keyword,
активная пена,720,aktivnaya-pena,keyword,
купить пену для мойки авто,590,aktivnaya-pena,synonym,meta_only
активная пена для бесконтактной мойки,320,aktivnaya-pena,keyword,
купить активную пену,260,aktivnaya-pena,synonym,meta_only
купить активную пену для мойки авто,210,aktivnaya-pena,synonym,meta_only
шампунь для бесконтактной мойки,110,aktivnaya-pena,synonym,
купить активную пену для минимойки,100,aktivnaya-pena,synonym,meta_only
пена для автомобиля,90,aktivnaya-pena,synonym,
пена для мытья машины,90,aktivnaya-pena,synonym,
пена для минимойки,70,aktivnaya-pena,synonym,
пена для бесконтактной мойки,70,aktivnaya-pena,synonym,
активная пена для авто,50,aktivnaya-pena,synonym,
активная пена для мойки,50,aktivnaya-pena,synonym,
пена для мойки машины,50,aktivnaya-pena,synonym,
пена для автомойки,40,aktivnaya-pena,synonym,
пена для бесконтактной мойки авто,30,aktivnaya-pena,synonym,
бесконтактная пена,20,aktivnaya-pena,synonym,
бесконтактная химия для автомойки,20,aktivnaya-pena,synonym,
профессиональная пена для мойки авто,10,aktivnaya-pena,keyword,
активная пена цена,10,aktivnaya-pena,synonym,meta_only
антибитум,50,antibitum,keyword,
антибитум для авто,40,antibitum,keyword,
средство от битума,30,antibitum,synonym,
купить антибитум для авто,20,antibitum,synonym,meta_only
очиститель битума,20,antibitum,synonym,
удалитель битума,20,antibitum,synonym,
антибитум купить,10,antibitum,keyword,
антибитум цена,10,antibitum,keyword,
средство от битумных пятен,10,antibitum,synonym,
антидождь,1200,antidozhd,keyword,
средство антидождь купить,1000,antidozhd,synonym,meta_only
антидождь авто купить,700,antidozhd,synonym,meta_only
антидождь для автомобиля,320,antidozhd,keyword,
антидождь цена,200,antidozhd,synonym,meta_only
купить антидождь,110,antidozhd,synonym,meta_only
антидождь для авто,80,antidozhd,keyword,
антидождь для зеркал авто,20,antidozhd,synonym,
гидрофобное покрытие для стекла,20,antidozhd,synonym,
антидождь на лобовое стекло,10,antidozhd,synonym,
покрытие для лобового стекла,10,antidozhd,synonym,
купить антидождь для стекол авто,10,antidozhd,synonym,meta_only
антимошка,320,antimoshka,keyword,
антимошка для авто,320,antimoshka,keyword,
средство от мошек на авто,50,antimoshka,synonym,
антимошка на мойке,30,antimoshka,synonym,
концентрат антимошка,20,antimoshka,synonym,
антимошка на мойке самообслуживания,20,antimoshka,synonym,
купить антимошку,20,antimoshka,synonym,meta_only
антимошка спрей,10,antimoshka,synonym,
очиститель от насекомых,10,antimoshka,synonym,
антимошка цена,10,antimoshka,synonym,meta_only
торнадор,3600,apparaty-tornador,keyword,
купить торнадор,390,apparaty-tornador,synonym,meta_only
торнадор для химчистки авто,260,apparaty-tornador,keyword,
торнадор химчистка,210,apparaty-tornador,keyword,
tornador,140,apparaty-tornador,keyword,
купить торнадор для химчистки,90,apparaty-tornador,synonym,meta_only
купить торнадор для химчистки салона,50,apparaty-tornador,synonym,meta_only
торнадор профессиональный купить,50,apparaty-tornador,synonym,meta_only
купить tornador,40,apparaty-tornador,synonym,meta_only
торнадор для химчистки салона,30,apparaty-tornador,synonym,
торнадо для чистки салона,10,apparaty-tornador,synonym,
торнадо для химчистки,10,apparaty-tornador,synonym,
tornador химчистка,10,apparaty-tornador,synonym,
чистка салона tornador,10,apparaty-tornador,synonym,
торнадор для чистки салона автомобиля,10,apparaty-tornador,synonym,
аппарат для химчистки tornador,10,apparaty-tornador,synonym,
торнадор цена,10,apparaty-tornador,synonym,meta_only
tornador цена,10,apparaty-tornador,synonym,meta_only
автошампунь,1000,avtoshampuni,keyword,
шампунь для авто,500,avtoshampuni,keyword,
шампунь для мойки авто,110,avtoshampuni,keyword,
купить автошампунь,90,avtoshampuni,synonym,meta_only
автомобильный шампунь,50,avtoshampuni,keyword,
шампунь для автомойки,50,avtoshampuni,synonym,
шампунь для моек высокого давления,50,avtoshampuni,synonym,
купить шампунь для авто,50,avtoshampuni,synonym,meta_only
шампунь для машины,40,avtoshampuni,synonym,
кислотный шампунь для авто,20,avtoshampuni,keyword,
моющее средство для авто,20,avtoshampuni,synonym,
шампунь для мойки,20,avtoshampuni,synonym,
автошампунь цена,20,avtoshampuni,synonym,meta_only
шампунь для минимойки,10,avtoshampuni,synonym,
чернитель резины,1000,cherniteli-shin,keyword,
чернение резины,390,cherniteli-shin,keyword,
средства для чернения шин,90,cherniteli-shin,keyword,
полироль для шин,90,cherniteli-shin,synonym,
купить чернитель резины,70,cherniteli-shin,synonym,meta_only
чернитель колёс,50,cherniteli-shin,keyword,
чернитель шин купить,20,cherniteli-shin,synonym,meta_only
средство для резины,10,cherniteli-shin,keyword,
средства для шин,10,cherniteli-shin,keyword,
средства для чернения резины,10,cherniteli-shin,synonym,
средство для ухода за шинами,10,cherniteli-shin,synonym,
средство для ухода за резиной,10,cherniteli-shin,synonym,
средство для обработки шин,10,cherniteli-shin,synonym,
средство для шин авто,10,cherniteli-shin,synonym,
средство для натирания шин,10,cherniteli-shin,synonym,
средство для чернения резины купить,10,cherniteli-shin,synonym,meta_only
купить средство для чернения шин,10,cherniteli-shin,synonym,meta_only
глина для авто,390,glina-i-avtoskraby,keyword,
синяя глина для авто,140,glina-i-avtoskraby,keyword,
автоскраб,90,glina-i-avtoskraby,keyword,
глина для чистки авто,50,glina-i-avtoskraby,keyword,
глина для чистки автомобиля,40,glina-i-avtoskraby,keyword,
автомобильная глина,20,glina-i-avtoskraby,synonym,
купить синюю глину для авто,20,glina-i-avtoskraby,synonym,meta_only
голубая глина для авто,20,glina-i-avtoskraby,synonym,
глина для кузова автомобиля,20,glina-i-avtoskraby,synonym,
глина для полировки автомобиля,20,glina-i-avtoskraby,synonym,
автоскраб купить,20,glina-i-avtoskraby,synonym,meta_only
глина для кузова авто,10,glina-i-avtoskraby,keyword,
глина для полировки авто,10,glina-i-avtoskraby,keyword,
глина для мойки авто,10,glina-i-avtoskraby,keyword,
очищающая глина для кузова автомобиля,10,glina-i-avtoskraby,keyword,
очищающая глина для авто,10,glina-i-avtoskraby,synonym,
полировочная глина для авто,10,glina-i-avtoskraby,synonym,
глина для полировки,10,glina-i-avtoskraby,synonym,
глина для кузова,10,glina-i-avtoskraby,synonym,
полимерная глина для авто,10,glina-i-avtoskraby,synonym,
глина для очистки кузова,10,glina-i-avtoskraby,synonym,
глина для машины,10,glina-i-avtoskraby,synonym,
купить глину для автомобиля,10,glina-i-avtoskraby,synonym,meta_only
купить глину для полировки авто,10,glina-i-avtoskraby,synonym,meta_only
купить глину для очистки авто,10,glina-i-avtoskraby,synonym,meta_only
авто глина купить,10,glina-i-avtoskraby,synonym,meta_only
глина для авто цена,10,glina-i-avtoskraby,synonym,meta_only
мочалка для автомобиля,320,gubki-i-varezhki,keyword,
мочалка для авто,320,gubki-i-varezhki,keyword,
губка для авто,110,gubki-i-varezhki,keyword,
губки для автомобиля,110,gubki-i-varezhki,keyword,
перчатка для мойки авто,90,gubki-i-varezhki,keyword,
мочалка для машины,90,gubki-i-varezhki,synonym,
губка для мойки авто,70,gubki-i-varezhki,keyword,
губки для мытья машины,70,gubki-i-varezhki,synonym,
губка для машины,50,gubki-i-varezhki,synonym,
варежка для мойки авто,40,gubki-i-varezhki,synonym,
купить мочалку для мойки авто,30,gubki-i-varezhki,synonym,meta_only
купить губку для автомобиля,10,gubki-i-varezhki,synonym,meta_only
мочалка для авто цена,0,gubki-i-varezhki,synonym,meta_only
защитное покрытие для дисков,10,keramika-dlya-diskov,keyword,
защитное покрытие для литых дисков,10,keramika-dlya-diskov,synonym,
керамика для колёсных дисков,10,keramika-dlya-diskov,synonym,
нанокерамика для дисков,10,keramika-dlya-diskov,synonym,
жидкое стекло для автомобилей,480,keramika-i-zhidkoe-steklo,keyword,
нанокерамика,480,keramika-i-zhidkoe-steklo,keyword,
нанокерамика для авто,390,keramika-i-zhidkoe-steklo,keyword,
нанокерамика для автомобиля,390,keramika-i-zhidkoe-steklo,keyword,
керамическое покрытие авто,170,keramika-i-zhidkoe-steklo,keyword,
купить жидкое стекло для авто,140,keramika-i-zhidkoe-steklo,synonym,meta_only
жидкий стекло цена,90,keramika-i-zhidkoe-steklo,synonym,meta_only
нано керамика на авто,50,keramika-i-zhidkoe-steklo,synonym,
жидкое стекло для полировки авто,20,keramika-i-zhidkoe-steklo,synonym,
жидкое стекло на машину,20,keramika-i-zhidkoe-steklo,synonym,
керамика для авто,20,keramika-i-zhidkoe-steklo,synonym,
керамика для кузова,20,keramika-i-zhidkoe-steklo,synonym,
купить жидкое стекло для автомобиля,20,keramika-i-zhidkoe-steklo,synonym,meta_only
купить жидкое стекло для полировки авто,20,keramika-i-zhidkoe-steklo,synonym,meta_only
нанокерамика купить,20,keramika-i-zhidkoe-steklo,synonym,meta_only
купить керамика для авто,20,keramika-i-zhidkoe-steklo,synonym,meta_only
купить керамику для авто в украине,20,keramika-i-zhidkoe-steklo,synonym,meta_only
нанокерамика для авто цена,20,keramika-i-zhidkoe-steklo,synonym,meta_only
покрытие жидкое стекло для авто,10,keramika-i-zhidkoe-steklo,synonym,
покрытие для автомобиля жидкое стекло,10,keramika-i-zhidkoe-steklo,synonym,
жидкое стекло для кузова авто,10,keramika-i-zhidkoe-steklo,synonym,
жидкое стекло на лобовое,10,keramika-i-zhidkoe-steklo,synonym,
жидкое стекло на кузов,10,keramika-i-zhidkoe-steklo,synonym,
жидкое стекло полироль для автомобиля,10,keramika-i-zhidkoe-steklo,synonym,
нанокерамика для кузова автомобиля,10,keramika-i-zhidkoe-steklo,synonym,
жидке стекло для авто,10,keramika-i-zhidkoe-steklo,synonym,
нанокерамика цена,10,keramika-i-zhidkoe-steklo,synonym,meta_only
цена на жидкое стекло для авто,10,keramika-i-zhidkoe-steklo,synonym,meta_only
жидкое стекло на машину цена,10,keramika-i-zhidkoe-steklo,synonym,meta_only
щетка для детейлинга,210,kisti-dlya-deteylinga,keyword,
щетка для чистки салона автомобиля,70,kisti-dlya-deteylinga,keyword,
щетка для чистки салона авто,70,kisti-dlya-deteylinga,keyword,
щетки для химчистки авто,50,kisti-dlya-deteylinga,keyword,
щетка для дисков авто,50,kisti-dlya-deteylinga,keyword,
набор щеток для детейлинга,40,kisti-dlya-deteylinga,synonym,
щетка для салона авто,40,kisti-dlya-deteylinga,synonym,
купить кисточки для детейлинга,40,kisti-dlya-deteylinga,synonym,meta_only
щетка для чистки салона,20,kisti-dlya-deteylinga,synonym,
щетка для чистки сидений авто,20,kisti-dlya-deteylinga,synonym,
щетка для чистки кожи авто,20,kisti-dlya-deteylinga,synonym,
щетка для кожи авто,20,kisti-dlya-deteylinga,synonym,
кисточка для чистки салона авто,20,kisti-dlya-deteylinga,synonym,
кисточки для химчистки авто,20,kisti-dlya-deteylinga,synonym,
кисточка для авто,20,kisti-dlya-deteylinga,synonym,
купить щетки для чистки кожи в авто,20,kisti-dlya-deteylinga,synonym,meta_only
кисти для детейлинга,10,kisti-dlya-deteylinga,synonym,
кисточки для детейлинга,10,kisti-dlya-deteylinga,synonym,
щетки для детейлинга авто,10,kisti-dlya-deteylinga,synonym,
кисти для мойки авто,10,kisti-dlya-deteylinga,synonym,
кисточка для машины,10,kisti-dlya-deteylinga,synonym,
купить щетки для детейлинга,10,kisti-dlya-deteylinga,synonym,meta_only
купить кисти для детейлинга,10,kisti-dlya-deteylinga,synonym,meta_only
полимер для авто,140,kvik-deteylery,synonym,
холодный воск для автомобиля,110,kvik-deteylery,keyword,
горячий воск для авто,90,kvik-deteylery,keyword,
быстрый воск для авто,40,kvik-deteylery,keyword,
купить холодный воск для авто,30,kvik-deteylery,synonym,meta_only
купить холодный воск для автомобиля,30,kvik-deteylery,synonym,meta_only
воск для авто на автомойке,20,kvik-deteylery,synonym,
холодный воск для сушки автомобиля,10,kvik-deteylery,synonym,
быстрый блеск для авто,10,kvik-deteylery,synonym,
горячий воск для авто цена,10,kvik-deteylery,synonym,meta_only
холодный воск для авто цена,10,kvik-deteylery,synonym,meta_only
купить горячий воск для авто,10,kvik-deteylery,synonym,meta_only
жидкий воск цена,10,kvik-deteylery,synonym,meta_only
малярные скотчи,4400,malyarniy-skotch,keyword,
малярный скотч,4400,malyarniy-skotch,keyword,
скотч малярний,1000,malyarniy-skotch,keyword,
купить малярный скотч,210,malyarniy-skotch,synonym,meta_only
малярный скотч цена,70,malyarniy-skotch,synonym,meta_only
малярная лента,50,malyarniy-skotch,keyword,
малярная лента купить,50,malyarniy-skotch,synonym,meta_only
малярный скотч 10мм,40,malyarniy-skotch,synonym,
малярный скотч 10 мм,30,malyarniy-skotch,synonym,
скотч малярный автомобильный,20,malyarniy-skotch,synonym,
малярский скотч,10,malyarniy-skotch,synonym,
малярный скотч широкий,10,malyarniy-skotch,synonym,
малярный скотч для авто,10,malyarniy-skotch,synonym,
шерстяной круг для полировки,50,mekhovye,keyword,
меховой круг для полировки,20,mekhovye,keyword,
меховой круг для полировки авто,10,mekhovye,synonym,
шерстяной круг на полировальную машинку,10,mekhovye,synonym,
круг из шерсти для полировки,10,mekhovye,synonym,
wool pad,10,mekhovye,synonym,
купить меховой круг для полировки,10,mekhovye,synonym,meta_only
шерстяной круг для полировки цена,10,mekhovye,synonym,meta_only
микрофибра для авто,1000,mikrofibra-i-tryapki,keyword,
тряпка для авто,1000,mikrofibra-i-tryapki,keyword,
тряпки для автомобиля,1000,mikrofibra-i-tryapki,keyword,
фибра для авто,260,mikrofibra-i-tryapki,keyword,
тряпки для машины,210,mikrofibra-i-tryapki,keyword,
тряпочки для машины,210,mikrofibra-i-tryapki,keyword,
тряпка для авто без разводов,170,mikrofibra-i-tryapki,keyword,
тряпка для автомобиля без разводов,170,mikrofibra-i-tryapki,keyword,
микрофибра для сушки авто,140,mikrofibra-i-tryapki,keyword,
тряпки для сушки авто,110,mikrofibra-i-tryapki,keyword,
тряпки для сушки автомобиля,110,mikrofibra-i-tryapki,keyword,
влаговпитывающая тряпка для авто,90,mikrofibra-i-tryapki,keyword,
купить тряпку для авто,90,mikrofibra-i-tryapki,keyword,meta_only
тряпка микрофибра для авто,70,mikrofibra-i-tryapki,keyword,
тряпка для мойки авто,70,mikrofibra-i-tryapki,keyword,
купить микрофибру для авто,70,mikrofibra-i-tryapki,keyword,meta_only
тряпки для мытья машины,50,mikrofibra-i-tryapki,keyword,
микрофибра для полировки авто,50,mikrofibra-i-tryapki,keyword,
полотенце для сушки авто,50,mikrofibra-i-tryapki,keyword,
автомобильные тряпки,50,mikrofibra-i-tryapki,keyword,
набор тряпок для автомобиля,50,mikrofibra-i-tryapki,keyword,
набор тряпок для авто,50,mikrofibra-i-tryapki,keyword,
тряпка для стекла автомобиля,40,mikrofibra-i-tryapki,keyword,
тряпки для мойки автомобиля,40,mikrofibra-i-tryapki,keyword,
тряпка для машины после мойки,40,mikrofibra-i-tryapki,keyword,
купить тряпку для мойки автомобиля,40,mikrofibra-i-tryapki,keyword,meta_only
купить тряпку для мойки авто,40,mikrofibra-i-tryapki,keyword,meta_only
купить тряпку для сушки авто,40,mikrofibra-i-tryapki,keyword,meta_only
микрофибра для машины,30,mikrofibra-i-tryapki,keyword,
тряпка для кузова авто,30,mikrofibra-i-tryapki,keyword,
полотенце микрофибра для авто,30,mikrofibra-i-tryapki,keyword,
супер впитывающая тряпка для авто,30,mikrofibra-i-tryapki,keyword,
микрофибра для стекла авто,20,mikrofibra-i-tryapki,keyword,
тряпки для мойки машин,20,mikrofibra-i-tryapki,keyword,
тряпки для мытья автомобиля,20,mikrofibra-i-tryapki,keyword,
тряпка для мытья авто,20,mikrofibra-i-tryapki,keyword,
тряпка для салона автомобиля,20,mikrofibra-i-tryapki,keyword,
тряпка для салона авто,20,mikrofibra-i-tryapki,keyword,
тряпка для вытирания авто после мойки,20,mikrofibra-i-tryapki,keyword,
тряпка для вытирания машины,20,mikrofibra-i-tryapki,keyword,
тряпка для протирки авто,20,mikrofibra-i-tryapki,keyword,
тряпка для протирки автомобиля,20,mikrofibra-i-tryapki,keyword,
салфетка из микрофибры для авто,20,mikrofibra-i-tryapki,keyword,
микрофибра для автомобиля купить,20,mikrofibra-i-tryapki,keyword,meta_only
купить тряпки для автомойки,20,mikrofibra-i-tryapki,keyword,meta_only
купити тряпку для авто,20,mikrofibra-i-tryapki,keyword,meta_only
тряпка для сушки машины,10,mikrofibra-i-tryapki,keyword,
тряпка для машины без разводов,10,mikrofibra-i-tryapki,keyword,
тряпка для стекол авто,10,mikrofibra-i-tryapki,keyword,
тряпка для стекол автомобиля,10,mikrofibra-i-tryapki,keyword,
тряпка для стекол машины,10,mikrofibra-i-tryapki,keyword,
тряпка для автомобильных стекол,10,mikrofibra-i-tryapki,keyword,
салфетка для стекол авто,10,mikrofibra-i-tryapki,keyword,
микрофибра для мойки авто,10,mikrofibra-i-tryapki,keyword,
микрофибра для мойки автомобиля,10,mikrofibra-i-tryapki,keyword,
микрофибра для мытья машины,10,mikrofibra-i-tryapki,keyword,
тряпка мыть машину,10,mikrofibra-i-tryapki,keyword,
тряпка для мытья машины без воды,10,mikrofibra-i-tryapki,keyword,
тряпка для панели авто,10,mikrofibra-i-tryapki,keyword,
тряпка для вытирания машины после мойки,10,mikrofibra-i-tryapki,keyword,
тряпка для вытирания авто,10,mikrofibra-i-tryapki,keyword,
тряпка для протирки машины,10,mikrofibra-i-tryapki,keyword,
микрофибра для протирки авто,10,mikrofibra-i-tryapki,keyword,
салфетки для протирки авто,10,mikrofibra-i-tryapki,keyword,
набор тряпок для мойки авто,10,mikrofibra-i-tryapki,keyword,
тряпки для автомойки,10,mikrofibra-i-tryapki,keyword,
профессиональная тряпка для авто,10,mikrofibra-i-tryapki,keyword,
тряпка из микрофибры для автомобиля,10,mikrofibra-i-tryapki,keyword,
профессиональные тряпки для мытья машины,10,mikrofibra-i-tryapki,keyword,
лучшие тряпки для авто,10,mikrofibra-i-tryapki,keyword,
супер тряпка для авто,10,mikrofibra-i-tryapki,keyword,
тряпка микрофибра для машины,10,mikrofibra-i-tryapki,keyword,
тряпка для полировки машины,10,mikrofibra-i-tryapki,keyword,
впитывающая тряпка для авто,10,mikrofibra-i-tryapki,keyword,
влаговпитывающая тряпка,10,mikrofibra-i-tryapki,keyword,
тряпка для протирки авто после мойки купить,10,mikrofibra-i-tryapki,keyword,meta_only
купить тряпку для машины,10,mikrofibra-i-tryapki,keyword,meta_only
купить тряпку для стекол авто,10,mikrofibra-i-tryapki,keyword,meta_only
тряпка для мытья машины цена,10,mikrofibra-i-tryapki,keyword,meta_only
тряпка для автомобиля купить,10,mikrofibra-i-tryapki,keyword,meta_only
тряпка для машины цена,10,mikrofibra-i-tryapki,keyword,meta_only
купить тряпку для мытья машины,10,mikrofibra-i-tryapki,keyword,meta_only
купить салфетку для авто,10,mikrofibra-i-tryapki,keyword,meta_only
микрофибра для машины купить,0,mikrofibra-i-tryapki,keyword,meta_only
химия для мойки авто,260,moyka-i-eksterer,keyword,
купить химию для мойки авто,260,moyka-i-eksterer,synonym,meta_only
средство для мойки авто,70,moyka-i-eksterer,synonym,
химия для мойки,70,moyka-i-eksterer,synonym,
автохимия для мойки,50,moyka-i-eksterer,synonym,
автохимия для мойки авто,50,moyka-i-eksterer,synonym,
купить автохимию для мойки авто,20,moyka-i-eksterer,synonym,meta_only
профессиональная химия для мойки авто,10,moyka-i-eksterer,synonym,
жидкость для мойки авто,10,moyka-i-eksterer,synonym,
химия для мойки авто цена,10,moyka-i-eksterer,synonym,meta_only
моющее средство для мойки авто,0,moyka-i-eksterer,synonym,
наборы для авто,390,nabory,keyword,
наборы для детейлинга,260,nabory,keyword,
набор для мойки авто,210,nabory,keyword,
наборы для ухода за автомобилем,170,nabory,keyword,
набор для ухода за авто,170,nabory,keyword,
набор для химчистки автомобиля,170,nabory,keyword,
подарочные наборы для мужчин в машину,140,nabory,keyword,
набор для химчистки салона,140,nabory,keyword,
набор для чистки салона авто,140,nabory,keyword,
набор для химчистки авто,140,nabory,keyword,
набор для чистки салона автомобиля,110,nabory,synonym,
подарочные наборы в машину,90,nabory,synonym,
подарочные наборы для автомобилиста,90,nabory,synonym,
набор для чистки автомобиля,50,nabory,synonym,
набор для ухода за машиной,50,nabory,synonym,
наборы автокосметики,40,nabory,synonym,
набор для детейлинга авто,40,nabory,synonym,
набор для автомобилиста подарок,30,nabory,synonym,
набор для мойки машины,30,nabory,synonym,
набор для детейлинга салона,30,nabory,synonym,
набор кисточек для детейлинга,30,nabory,synonym,
подарочный набор для авто,20,nabory,synonym,
набор для уборки автомобиля,20,nabory,synonym,
набор для салона автомобиля,20,nabory,synonym,
купить набор для авто,20,nabory,synonym,meta_only
купить набор для детейлинга,20,nabory,synonym,meta_only
набор кистей для детейлинга,10,nabory,synonym,
набор щеток для химчистки авто,10,nabory,synonym,
набор тряпок для машины,10,nabory,synonym,
купить набор для мойки автомобиля,10,nabory,synonym,meta_only
нейтрализаторы запаха,2400,neytralizatory-zapakha,keyword,
поглотитель запаха,260,neytralizatory-zapakha,keyword,
нейтрализатор запаха в автомобиле,170,neytralizatory-zapakha,keyword,
профессиональный нейтрализатор запаха,170,neytralizatory-zapakha,keyword,
нейтрализатор запаха в авто,140,neytralizatory-zapakha,keyword,
устранитель запаха,90,neytralizatory-zapakha,synonym,
купить нейтрализатор запахов,90,neytralizatory-zapakha,synonym,meta_only
нейтрализатор для авто,70,neytralizatory-zapakha,synonym,
нейтрализатор запахов в салоне авто,50,neytralizatory-zapakha,synonym,
нейтрализатор запаха автомобильный,40,neytralizatory-zapakha,synonym,
средство для удаления запаха в салоне автомобиля,30,neytralizatory-zapakha,synonym,
устранение запаха в автомобиле,30,neytralizatory-zapakha,synonym,
устранитель запахов в авто,20,neytralizatory-zapakha,synonym,
поглотитель запаха для автомобиля,10,neytralizatory-zapakha,synonym,
устранитель запаха купить,10,neytralizatory-zapakha,synonym,meta_only
поглотитель запахов купить,10,neytralizatory-zapakha,synonym,meta_only
нейтрализатор запаха для автомобиля купить,10,neytralizatory-zapakha,synonym,meta_only
обезжириватель для авто,590,obezzhirivateli,keyword,
купить обезжириватель для авто,70,obezzhirivateli,synonym,meta_only
купить обезжириватель для автомобиля,70,obezzhirivateli,synonym,meta_only
обезжириватель для кузова авто,30,obezzhirivateli,keyword,
обезжириватель для авто перед полировкой,20,obezzhirivateli,keyword,
обезжириватель автомобильный,10,obezzhirivateli,synonym,
обезжириватель кузова перед полировкой,10,obezzhirivateli,synonym,
обезжириватель кузова перед мойкой,10,obezzhirivateli,synonym,
обезжириватель для полировки авто,10,obezzhirivateli,synonym,
обезжириватель кузова автомобиля,10,obezzhirivateli,synonym,
обезжириватель для кузова,10,obezzhirivateli,synonym,
обезжириватель для авто цена,10,obezzhirivateli,synonym,meta_only
оборудование для химчистки авто,90,oborudovanie,keyword,
оборудование для моек авто,10,oborudovanie,keyword,
оборудование для мойки автомобилей,10,oborudovanie,keyword,
оборудование для химчистки салонов авто,10,oborudovanie,synonym,
оборудование для мойки автомобилей цены,10,oborudovanie,synonym,meta_only
оборудование для мойки машин цены,10,oborudovanie,synonym,meta_only
оборудование для химчистки авто купить,10,oborudovanie,synonym,meta_only
оборудование для химчистки авто цена,10,oborudovanie,synonym,meta_only
химия для дисков,70,ochistiteli-diskov,keyword,
очиститель дисков,70,ochistiteli-diskov,keyword,
средства для чистки дисков,50,ochistiteli-diskov,synonym,
химия для чистки дисков,20,ochistiteli-diskov,synonym,
средство для дисков,20,ochistiteli-diskov,synonym,
средство для мойки дисков,20,ochistiteli-diskov,synonym,
средство для чистки дисков автомобиля,20,ochistiteli-diskov,synonym,
химия для мойки дисков,20,ochistiteli-diskov,synonym,
полироль для колес,10,ochistiteli-diskov,keyword,
жидкость для чистки дисков,10,ochistiteli-diskov,keyword,
очиститель колесных дисков,10,ochistiteli-diskov,keyword,
средство для очистки дисков авто,10,ochistiteli-diskov,synonym,
средство для мойки литых дисков,10,ochistiteli-diskov,synonym,
купить средство для чистки дисков,0,ochistiteli-diskov,synonym,meta_only
цена средства для чистки дисков авто,0,ochistiteli-diskov,synonym,meta_only
очиститель двигателя,480,ochistiteli-dvigatelya,keyword,
химия для мойки двигателя,320,ochistiteli-dvigatelya,synonym,
средства для мойки двигателя,260,ochistiteli-dvigatelya,synonym,
очиститель двигателя от масла и грязи,210,ochistiteli-dvigatelya,keyword,
средство для мытья двигателя,140,ochistiteli-dvigatelya,synonym,
очиститель двигателя от масляных загрязнений,110,ochistiteli-dvigatelya,keyword,
купить химию для мойки двигателя,90,ochistiteli-dvigatelya,synonym,meta_only
химия для мотора,70,ochistiteli-dvigatelya,synonym,
купить очиститель двигателя,50,ochistiteli-dvigatelya,synonym,meta_only
химия для мойки мотора,40,ochistiteli-dvigatelya,synonym,
химия для очистки двигателя снаружи,40,ochistiteli-dvigatelya,synonym,
профессиональная химия для мойки двигателя,40,ochistiteli-dvigatelya,synonym,
очиститель двигателя наружный,20,ochistiteli-dvigatelya,synonym,
средство для мытья двигателя от масла,20,ochistiteli-dvigatelya,synonym,
жидкость для мытья двигателя,20,ochistiteli-dvigatelya,synonym,
автохимия для двигателя,20,ochistiteli-dvigatelya,synonym,
химия для двигателя,10,ochistiteli-dvigatelya,synonym,
очиститель двигателя автомобиля,10,ochistiteli-dvigatelya,synonym,
мощный очиститель двигателя,10,ochistiteli-dvigatelya,synonym,
химия для мойки двигателя цена,10,ochistiteli-dvigatelya,synonym,meta_only
очиститель двигателя цена,10,ochistiteli-dvigatelya,synonym,meta_only
средство для чистки кожи авто,70,ochistiteli-kozhi,keyword,
средства для чистки кожи автомобиля,70,ochistiteli-kozhi,keyword,
средства для чистки кожаного салона автомобиля,40,ochistiteli-kozhi,keyword,
химия для чистки кожи авто,20,ochistiteli-kozhi,synonym,
средство для очистки кожи авто,20,ochistiteli-kozhi,synonym,
средства для чистки кожаного салона,20,ochistiteli-kozhi,synonym,
купить очиститель кожи авто,20,ochistiteli-kozhi,synonym,meta_only
очиститель кожи авто,10,ochistiteli-kozhi,synonym,
лучшее средство для чистки кожи авто,10,ochistiteli-kozhi,synonym,
средство для кожи салона,10,ochistiteli-kozhi,synonym,
средство для очистки кожи салона,10,ochistiteli-kozhi,synonym,
очиститель кожи салона автомобиля,10,ochistiteli-kozhi,synonym,
средство для чистки кожи салона автомобиля,10,ochistiteli-kozhi,synonym,
чистящее средство для кожи авто,10,ochistiteli-kozhi,synonym,
купить средство для чистки кожи авто,10,ochistiteli-kozhi,synonym,meta_only
очиститель шин,70,ochistiteli-shin,keyword,
очиститель резины,10,ochistiteli-shin,keyword,
средство для чистки шин,10,ochistiteli-shin,keyword,
средство для очистки резины,10,ochistiteli-shin,keyword,
очиститель для покрышек,10,ochistiteli-shin,synonym,
купить очиститель шин,10,ochistiteli-shin,synonym,meta_only
очиститель стекла авто,210,ochistiteli-stekol,keyword,
очиститель стекол автомобиля,210,ochistiteli-stekol,keyword,
очиститель лобового стекла,90,ochistiteli-stekol,keyword,
средство для стекол авто,40,ochistiteli-stekol,keyword,
средство для очистки стекол авто,20,ochistiteli-stekol,keyword,
средство для автомобильных стекол,10,ochistiteli-stekol,keyword,
средство для чистки стекол авто,10,ochistiteli-stekol,keyword,
жидкость для очистки стекол автомобиля,10,ochistiteli-stekol,keyword,
купить очиститель стекол авто,10,ochistiteli-stekol,keyword,meta_only
очиститель стекол авто цена,10,ochistiteli-stekol,keyword,meta_only
омыватель стекла зимний,1000,omyvatel,keyword,
омыватель стекла,720,omyvatel,keyword,
зимний омыватель,320,omyvatel,keyword,
омыватель,260,omyvatel,keyword,
купить омыватель стекла зимний,170,omyvatel,synonym,meta_only
купить омыватель стекол зимний,170,omyvatel,synonym,meta_only
омыватель стекла летний,140,omyvatel,keyword,
омыватель лобового стекла,110,omyvatel,synonym,
стеклоомыватель,110,omyvatel,synonym,
омыватель для стекол,50,omyvatel,synonym,
купить омыватель стекла,50,omyvatel,synonym,meta_only
омыватель летний,40,omyvatel,synonym,
стеклоомыватель зимний,40,omyvatel,synonym,
купить зимний омыватель,40,omyvatel,synonym,meta_only
омыватель для машины,30,omyvatel,synonym,
омыватель заднего стекла,20,omyvatel,synonym,
купить омыватель,20,omyvatel,synonym,meta_only
омыватель стекол купить,20,omyvatel,synonym,meta_only
зимние омыватели стекол,10,omyvatel,synonym,
жидкость стеклоомыватель для автомобиля,10,omyvatel,synonym,
стеклоомыватель для автомобиля,10,omyvatel,synonym,
летний стеклоомыватель,10,omyvatel,synonym,
омыватель стекла антимошка,10,omyvatel,synonym,
омывайка антимошка,10,omyvatel,synonym,
омыватели стекла цена,10,omyvatel,synonym,meta_only
стеклоомыватель цена,10,omyvatel,synonym,meta_only
автохимия от производителя,10,opt-i-b2b,keyword,
автохимия производство,10,opt-i-b2b,keyword,
автохимия поставщики,10,opt-i-b2b,keyword,
производители автохимии украина,10,opt-i-b2b,synonym,
автохимия оптом,10,opt-i-b2b,synonym,
детейлинг химия оптом,10,opt-i-b2b,synonym,
полироль для стекла,590,polirol-dlya-stekla,keyword,
полироль для стекла авто,50,polirol-dlya-stekla,keyword,
полироль для стекол автомобиля,50,polirol-dlya-stekla,keyword,
полироль для автостекла,30,polirol-dlya-stekla,keyword,
средство для полировки лобового стекла,30,polirol-dlya-stekla,keyword,
средство для полировки стекол автомобиля,10,polirol-dlya-stekla,keyword,
купить полироль для стекла авто,10,polirol-dlya-stekla,keyword,meta_only
полироль для стекла авто цена,10,polirol-dlya-stekla,keyword,meta_only
полироль для салона автомобиля,390,poliroli-dlya-plastika,keyword,
полироль для пластика автомобиля,320,poliroli-dlya-plastika,keyword,
полироль для пластику авто,320,poliroli-dlya-plastika,keyword,
полироль для торпеды,260,poliroli-dlya-plastika,keyword,
полироль для панели авто,170,poliroli-dlya-plastika,keyword,
полироль для торпеды автомобиля,170,poliroli-dlya-plastika,keyword,
полироль для торпедо авто,140,poliroli-dlya-plastika,synonym,
полироль для торпеды авто,140,poliroli-dlya-plastika,synonym,
полироль для панели автомобиля,70,poliroli-dlya-plastika,synonym,
полироль для салона,40,poliroli-dlya-plastika,synonym,
полироль для пластика салона,20,poliroli-dlya-plastika,synonym,
средство для ухода за пластиком авто,20,poliroli-dlya-plastika,synonym,
полироль для пластика,10,poliroli-dlya-plastika,synonym,
полироль для автомобильного пластика,10,poliroli-dlya-plastika,synonym,
средство для ухода за пластиком,10,poliroli-dlya-plastika,synonym,
средство для полировки салона автомобиля,10,poliroli-dlya-plastika,synonym,
купить полироль для панели авто,10,poliroli-dlya-plastika,synonym,meta_only
купить полироль для пластика,10,poliroli-dlya-plastika,synonym,meta_only
купить полироль для пластика авто,10,poliroli-dlya-plastika,synonym,meta_only
купить полироль для салона автомобиля,10,poliroli-dlya-plastika,synonym,meta_only
купить полироль для торпеды автомобиля,10,poliroli-dlya-plastika,synonym,meta_only
полировочная паста,1600,polirovalnye-pasty,keyword,
полировочная паста для авто,590,polirovalnye-pasty,keyword,
паста для полировки,320,polirovalnye-pasty,keyword,
полировочная паста для авто от царапин,260,polirovalnye-pasty,keyword,
купить пасту для полировки авто,260,polirovalnye-pasty,synonym,meta_only
полировочная паста для автомобиля,170,polirovalnye-pasty,keyword,
купить полировочную пасту,140,polirovalnye-pasty,synonym,meta_only
купить полировочную пасту для автомобиля,110,polirovalnye-pasty,synonym,meta_only
купить полировочную пасту для авто,110,polirovalnye-pasty,synonym,meta_only
паста для автомобиля,50,polirovalnye-pasty,synonym,
паста для полировки кузова,40,polirovalnye-pasty,synonym,
полироль паста для авто,30,polirovalnye-pasty,synonym,
полировальная паста,20,polirovalnye-pasty,synonym,
полировочная паста для кузова авто,20,polirovalnye-pasty,synonym,
набор паст для полировки авто,20,polirovalnye-pasty,synonym,
паста для полировки автомобиля,10,polirovalnye-pasty,synonym,
паста для полировки авто машинкой,10,polirovalnye-pasty,synonym,
полировочная паста для авто цена,10,polirovalnye-pasty,synonym,meta_only
полировка авто,2400,polirovka,keyword,
полировка автомобиля,1000,polirovka,keyword,
полировка кузова,480,polirovka,keyword,
полировка машины,170,polirovka,synonym,
средства для полировки авто,50,polirovka,synonym,
полировка авто своими руками,40,polirovka,synonym,
всё для полировки,20,polirovka,synonym,
пятновыводитель,2400,pyatnovyvoditeli,keyword,
купить пятновыводитель,110,pyatnovyvoditeli,synonym,meta_only
пятновыводитель для авто,10,pyatnovyvoditeli,synonym,
пятновыводитель для салона авто,10,pyatnovyvoditeli,synonym,
пятновыводитель для сидений авто,10,pyatnovyvoditeli,synonym,
пенообразователи для мойки,260,raspyliteli-i-penniki,keyword,
помповый распылитель для мойки авто,260,raspyliteli-i-penniki,keyword,
купить пенообразователь для мойки в украине,80,raspyliteli-i-penniki,synonym,meta_only
пенообразователь для мойки высокого давления,70,raspyliteli-i-penniki,keyword,
распылитель для мойки авто,50,raspyliteli-i-penniki,keyword,
купить пенообразователь для мойки высокого давления,40,raspyliteli-i-penniki,synonym,meta_only
распылитель пены для мойки,30,raspyliteli-i-penniki,synonym,
ручной распылитель для мойки авто,30,raspyliteli-i-penniki,synonym,
купить пенообразователь для мойки авто,30,raspyliteli-i-penniki,synonym,meta_only
помповый распылитель для авто,20,raspyliteli-i-penniki,synonym,
купить распылитель для воды,20,raspyliteli-i-penniki,synonym,meta_only
пенник для минимойки,10,raspyliteli-i-penniki,synonym,
авто триггер,10,raspyliteli-i-penniki,synonym,
распылитель для воды,10,raspyliteli-i-penniki,synonym,
пенники для моек высокого давления,10,raspyliteli-i-penniki,synonym,
распылитель пены для автомойки,10,raspyliteli-i-penniki,synonym,
авто распылитель,10,raspyliteli-i-penniki,synonym,
пенообразователь для минимойки,0,raspyliteli-i-penniki,synonym,
автошампунь для ручной мойки,390,shampuni-dlya-ruchnoy-moyki,keyword,
шампунь для ручной мойки авто,110,shampuni-dlya-ruchnoy-moyki,keyword,
автомобильный шампунь для ручной мойки,70,shampuni-dlya-ruchnoy-moyki,keyword,
купить автошампунь для ручной мойки,20,shampuni-dlya-ruchnoy-moyki,synonym,meta_only
шампунь для ручной мойки,10,shampuni-dlya-ruchnoy-moyki,synonym,
шампунь для мытья авто вручную,10,shampuni-dlya-ruchnoy-moyki,synonym,
шампунь для ручной мойки цена,10,shampuni-dlya-ruchnoy-moyki,synonym,meta_only
щетка для мойки авто,480,shchetka-dlya-moyki-avto,keyword,
щетка для мытья машины,390,shchetka-dlya-moyki-avto,keyword,
купить щетку для мойки авто,210,shchetka-dlya-moyki-avto,synonym,meta_only
купить щетку для мойки автомобиля,210,shchetka-dlya-moyki-avto,synonym,meta_only
щетка для мытья авто,140,shchetka-dlya-moyki-avto,keyword,
мягкие щетки для мытья машины,110,shchetka-dlya-moyki-avto,keyword,
щетка для мытья автомобиля,90,shchetka-dlya-moyki-avto,keyword,
купить щетку для мытья машины,90,shchetka-dlya-moyki-avto,synonym,meta_only
щетки для мойки машины,70,shchetka-dlya-moyki-avto,keyword,
щетка для мытья дисков авто,10,shchetka-dlya-moyki-avto,synonym,
щетка для мытья машины цена,10,shchetka-dlya-moyki-avto,synonym,meta_only
щетки для мойки автомобилей,0,shchetka-dlya-moyki-avto,synonym,
силант,50,silanty,keyword,
силанты для авто,40,silanty,keyword,
силант для авто,30,silanty,keyword,
силант для кузова,10,silanty,synonym,
силант покрытие,10,silanty,synonym,
купить силант,10,silanty,synonym,meta_only
автомобиль силант цена,10,silanty,synonym,meta_only
силант цена,10,silanty,synonym,meta_only
химия для чистки салона,590,sredstva-dlya-khimchistki-salona,keyword,
средство для чистки салона авто,390,sredstva-dlya-khimchistki-salona,keyword,
средство для чистки салона автомобиля,390,sredstva-dlya-khimchistki-salona,keyword,
химия для салона авто,320,sredstva-dlya-khimchistki-salona,keyword,
химия для чистки салона автомобиля,260,sredstva-dlya-khimchistki-salona,keyword,
химия для салона автомобиля,260,sredstva-dlya-khimchistki-salona,keyword,
средство для химчистки салона авто,260,sredstva-dlya-khimchistki-salona,keyword,
средство для химчистки салона автомобиля,260,sredstva-dlya-khimchistki-salona,keyword,
автохимия для салона,210,sredstva-dlya-khimchistki-salona,synonym,
профессиональная химия для чистки салона авто,210,sredstva-dlya-khimchistki-salona,synonym,
химия для химчистки салона,170,sredstva-dlya-khimchistki-salona,synonym,
химия для чистки салона авто,140,sredstva-dlya-khimchistki-salona,synonym,
профессиональные средства для химчистки салона автомобиля,110,sredstva-dlya-khimchistki-salona,synonym,
средство для химчистки салона,90,sredstva-dlya-khimchistki-salona,synonym,
для чистки салона автомобиля,80,sredstva-dlya-khimchistki-salona,synonym,
купить химию для чистки салона авто,70,sredstva-dlya-khimchistki-salona,synonym,meta_only
для химчистки салона,50,sredstva-dlya-khimchistki-salona,synonym,
средство для чистки салона,50,sredstva-dlya-khimchistki-salona,synonym,
химия для сидений авто,50,sredstva-dlya-khimchistki-salona,synonym,
химия для чистки салона автомобиля купить,50,sredstva-dlya-khimchistki-salona,synonym,meta_only
купить средство для чистки салона автомобиля,50,sredstva-dlya-khimchistki-salona,synonym,meta_only
химия для химчистки салона авто,40,sredstva-dlya-khimchistki-salona,synonym,
химия для салона,40,sredstva-dlya-khimchistki-salona,synonym,
химия для чистки сидений авто,40,sredstva-dlya-khimchistki-salona,synonym,
купить средство для чистки салона авто,40,sredstva-dlya-khimchistki-salona,synonym,meta_only
моющее средство для салона автомобиля,30,sredstva-dlya-khimchistki-salona,synonym,
химчистка для салона авто купить,30,sredstva-dlya-khimchistki-salona,synonym,meta_only
купить средство для химчистки салона авто,30,sredstva-dlya-khimchistki-salona,synonym,meta_only
очиститель для салона авто,20,sredstva-dlya-khimchistki-salona,synonym,
средство для чистки тканевого салона автомобиля,20,sredstva-dlya-khimchistki-salona,synonym,
очиститель салона,10,sredstva-dlya-khimchistki-salona,synonym,
средство для чистки сидений автомобиля,10,sredstva-dlya-khimchistki-salona,synonym,
химия для салона авто купить,10,sredstva-dlya-khimchistki-salona,synonym,meta_only
средство для химчистки салона автомобиля цена,10,sredstva-dlya-khimchistki-salona,synonym,meta_only
средство для кожи авто,280,sredstva-dlya-kozhi,keyword,
средства для кожи автомобиля,140,sredstva-dlya-kozhi,keyword,
химия для кожи авто,50,sredstva-dlya-kozhi,synonym,
средство для кожаного салона,40,sredstva-dlya-kozhi,synonym,
средства для кожи салона автомобиля,30,sredstva-dlya-kozhi,synonym,
твёрдый воск для авто,1000,tverdyy-vosk,keyword,
твёрдый воск,390,tverdyy-vosk,keyword,
купить твёрдый воск для авто,210,tverdyy-vosk,synonym,meta_only
купить воск для машины,30,tverdyy-vosk,synonym,meta_only
твёрдый воск для полировки авто,10,tverdyy-vosk,synonym,
купить твёрдый воск для авто в украине,10,tverdyy-vosk,synonym,meta_only
твёрдый воск для авто цена,10,tverdyy-vosk,synonym,meta_only
купить твёрдый воск для машины,10,tverdyy-vosk,synonym,meta_only
твёрдый воск купить,10,tverdyy-vosk,synonym,meta_only
твёрдый воск для автомобиля цена,10,tverdyy-vosk,synonym,meta_only
твёрдый воск цена,10,tverdyy-vosk,synonym,meta_only
химчистка салона авто,320,ukhod-za-intererom,synonym,
уход за салоном авто,170,ukhod-za-intererom,keyword,
средства для салона автомобиля,90,ukhod-za-intererom,keyword,
чистка салона машины,20,ukhod-za-intererom,synonym,
уход за кожей авто,210,ukhod-za-kozhey,keyword,
полироль для кожи,170,ukhod-za-kozhey,synonym,
лучшее средство по уходу за кожей авто,140,ukhod-za-kozhey,keyword,
средство по уходу за кожей авто,90,ukhod-za-kozhey,synonym,
полироль для кожи авто,90,ukhod-za-kozhey,synonym,
крем для кожи авто,70,ukhod-za-kozhey,synonym,
набор для ухода за кожей авто,30,ukhod-za-kozhey,synonym,
уход за кожей салона авто,20,ukhod-za-kozhey,synonym,
средство за уходом кожаного салона,20,ukhod-za-kozhey,synonym,
купить средство для ухода за кожей авто,20,ukhod-za-kozhey,synonym,meta_only
лосьон для кожи авто,10,ukhod-za-kozhey,synonym,
уход за кожей салона,10,ukhod-za-kozhey,synonym,
уход за кожей в машине,10,ukhod-za-kozhey,synonym,
средство для ухода за кожей салона,10,ukhod-za-kozhey,synonym,
уход за кожей автомобиля купить,10,ukhod-za-kozhey,synonym,meta_only
полироль для наружного пластика автомобиля,40,ukhod-za-naruzhnym-plastikom,keyword,
полироль для наружного пластика авто,40,ukhod-za-naruzhnym-plastikom,keyword,
полироль для наружного пластика,10,ukhod-za-naruzhnym-plastikom,keyword,
восстановитель пластика авто,10,ukhod-za-naruzhnym-plastikom,synonym,
чернитель для наружного пластика,10,ukhod-za-naruzhnym-plastikom,synonym,
уход за бамперами,10,ukhod-za-naruzhnym-plastikom,synonym,
полировочная машинка,6600,uncategorized,keyword,
автохимия,2400,uncategorized,keyword,
авто химия,2400,uncategorized,keyword,
полировальная машина для автомобиля,1000,uncategorized,keyword,
полировальная машина для авто,1000,uncategorized,keyword,
полировочная машинка для автомобиля,1000,uncategorized,keyword,
машинка для полировки автомобилей,1000,uncategorized,keyword,
машинка для полировки авто,1000,uncategorized,keyword,
пасты для полировки авто,1000,uncategorized,keyword,
твердый воск для авто,880,uncategorized,keyword,
купить полировочную машинку,720,uncategorized,keyword,
автокосметика,480,uncategorized,keyword,
круг для полировки авто,480,uncategorized,keyword,
круги для полировки автомобиля,480,uncategorized,keyword,
полировальная паста для автомобиля,480,uncategorized,keyword,
круги для полировки,390,uncategorized,keyword,
набор для полировки авто,390,uncategorized,keyword,
химия для химчистки авто,390,uncategorized,keyword,
химия для химчистки автомобиля,390,uncategorized,keyword,
магазин автохимии,390,uncategorized,keyword,
химия для мойки автомобиля,390,uncategorized,keyword,
щетка для автомобиля,320,uncategorized,keyword,
твердый воск,320,uncategorized,keyword,
полировочные круги,260,uncategorized,keyword,
полировальные круги,260,uncategorized,keyword,
машинка для полировки,210,uncategorized,keyword,
купить пасту для полировки автомобиля,210,uncategorized,keyword,
купить активная пена,170,uncategorized,keyword,
набор для мойки автомобиля,170,uncategorized,keyword,
очиститель кожи автомобиля,170,uncategorized,keyword,
купить полировочную машинку для авто,170,uncategorized,keyword,
полировальная машина для полировки авто,170,uncategorized,keyword,
полировочная машинка для полировки авто,170,uncategorized,keyword,
купить машинку для полировки авто,170,uncategorized,keyword,
купить машинку для полировки автомобиля,170,uncategorized,keyword,
очиститель салона автомобиля,170,uncategorized,keyword,
купить твердый воск для авто,170,uncategorized,keyword,
шампунь для машини,170,uncategorized,keyword,
уход за кожей автомобиля,140,uncategorized,keyword,
купить активную пену для мойки автомобиля,140,uncategorized,keyword,
автохимия для авто,140,uncategorized,keyword,
химия для автомобиля,140,uncategorized,keyword,
автохимия для автомобиля,140,uncategorized,keyword,
паста авто,110,uncategorized,keyword,
автохимия опт,90,uncategorized,keyword,
купить полировочную машину,90,uncategorized,keyword,
пасты полировальные для авто,90,uncategorized,keyword,
холодный воск для авто,90,uncategorized,keyword,
косметика для авто,90,uncategorized,keyword,
косметика для автомобиля,90,uncategorized,keyword,
автодетейлинг,90,uncategorized,keyword,
диск для полировки авто,90,uncategorized,keyword,
диск для полировки автомобиля,90,uncategorized,keyword,
средство для чистки сидений авто,90,uncategorized,keyword,
автохимия купить,70,uncategorized,keyword,
пена для авто,70,uncategorized,keyword,
губки для мойки автомобиля,70,uncategorized,keyword,
мочалка для мойки автомобиля,70,uncategorized,keyword,
мочалки для мойки авто,70,uncategorized,keyword,
машина для полировки авто,70,uncategorized,keyword,
машина для полировки автомобиля,70,uncategorized,keyword,
купить полировальную машинку для авто в украине,70,uncategorized,keyword,
машина для полировки,70,uncategorized,keyword,
щетка автомобильная,70,uncategorized,keyword,
щетка скребок для авто,70,uncategorized,keyword,
полимер для автомобиля,70,uncategorized,keyword,
перчатка для мойки автомобиля,70,uncategorized,keyword,
автокосметика для авто,70,uncategorized,keyword,
автокосметика для автомобиля,70,uncategorized,keyword,
купить шампунь для автомобиля,70,uncategorized,keyword,
комплект для полировки авто,70,uncategorized,keyword,
шампунь для бесконтактной мойки авто,50,uncategorized,keyword,
шампунь для бесконтактной мойки автомобилей,50,uncategorized,keyword,
купить круг для полировки авто,50,uncategorized,keyword,
купить круг для полировки автомобиля,50,uncategorized,keyword,
полировочные круги для авто,50,uncategorized,keyword,
купить набор для полировки авто,50,uncategorized,keyword,
купить полировочную машинку для автомобиля,50,uncategorized,keyword,
полировальные круги для автомобиля,50,uncategorized,keyword,
полировальные круги для авто,50,uncategorized,keyword,
средства по уходу за кожей автомобиля,50,uncategorized,keyword,
горячий воск для автомобиля,50,uncategorized,keyword,
полироль для кожи автомобиля,50,uncategorized,keyword,
очиститель кузова авто,50,uncategorized,keyword,
очиститель кузова автомобиля,50,uncategorized,keyword,
химия для автомойки,50,uncategorized,keyword,
химия для машины,50,uncategorized,keyword,
диски для полировки,50,uncategorized,keyword,
химия для детейлинга,40,uncategorized,keyword,
купить полировальные круги,40,uncategorized,keyword,
крем для кожи автомобиля,40,uncategorized,keyword,
автохимия для кузова,40,uncategorized,keyword,
магазин автокосметики,40,uncategorized,keyword,
косметика для машин,40,uncategorized,keyword,
средство для мойки автомобиля,40,uncategorized,keyword,
шампунь для автомойки высокого давления,40,uncategorized,keyword,
детейлинг магазин киев,30,uncategorized,keyword,
пена для машины,30,uncategorized,keyword,
купить активную пену для бесконтактной мойки,30,uncategorized,keyword,
пена для бесконтактной мойки автомобилей,30,uncategorized,keyword,
бесконтактная пена для автомойки,30,uncategorized,keyword,
мочалка для мытья машины,30,uncategorized,keyword,
набор для ухода за салоном автомобиля,30,uncategorized,keyword,
авто набор в машину,30,uncategorized,keyword,
средство для очистки дисков,30,uncategorized,keyword,
химия для мытья двигателя,30,uncategorized,keyword,
полировочные машинки для авто,30,uncategorized,keyword,
полировальные машинки для авто,30,uncategorized,keyword,
полировальные машинки для автомобиля,30,uncategorized,keyword,
купить полировальный круг для авто,30,uncategorized,keyword,
полировочные машины,30,uncategorized,keyword,
купить полировальную пасту для автомобиля,30,uncategorized,keyword,
купить полировальную пасту для авто,30,uncategorized,keyword,
паста для полировки машины,30,uncategorized,keyword,
химия для химчистки салона автомобиля,30,uncategorized,keyword,
набор для химчистки салона авто,30,uncategorized,keyword,
средства для химчистки,30,uncategorized,keyword,
средство для чистки кожаного салона авто,30,uncategorized,keyword,
химия для мойки машины,30,uncategorized,keyword,
очиститель кузова,30,uncategorized,keyword,
для кожи автомобиля,30,uncategorized,keyword,
купить пену для мойки,30,uncategorized,keyword,
купить щетку для мытья авто,30,uncategorized,keyword,
купить щетку для мытья автомобиля,30,uncategorized,keyword,
купить скребок для автомобиля,30,uncategorized,keyword,
автохимия для мойки автомобиля,30,uncategorized,keyword,
диск полировочный,30,uncategorized,keyword,
очиститель сидений авто,30,uncategorized,keyword,
химия автомобильная,30,uncategorized,keyword,
купить бесконтактную пену,20,uncategorized,keyword,
химия для бесконтактной мойки,20,uncategorized,keyword,
пена для мытья автомобиля,20,uncategorized,keyword,
пена для мытья авто,20,uncategorized,keyword,
активная пена для мойки машин,20,uncategorized,keyword,
варежка для мойки автомобиля,20,uncategorized,keyword,
жидкое стекло для полировки автомобиля,20,uncategorized,keyword,
кисточка для автомобилей,20,uncategorized,keyword,
набор кругов для полировки авто,20,uncategorized,keyword,
набор для детейлинга салона авто,20,uncategorized,keyword,
нейтрализатор запаха в машину,20,uncategorized,keyword,
очиститель дисков авто,20,uncategorized,keyword,
средство для очистки дисков автомобиля,20,uncategorized,keyword,
купить средство для мойки двигателя,20,uncategorized,keyword,
химия для очистки двигателя,20,uncategorized,keyword,
средство для очистки двигателя,20,uncategorized,keyword,
средство для очистки двигателя от масла,20,uncategorized,keyword,
очиститель двигателя от масла,20,uncategorized,keyword,
химия для мойки деталей двигателя,20,uncategorized,keyword,
средства для мытья двигателя автомобиля,20,uncategorized,keyword,
средство для мытья двигателя авто,20,uncategorized,keyword,
машинка для полировки кузова,20,uncategorized,keyword,
машинка для полировки кузова авто,20,uncategorized,keyword,
машинка для полировки машины,20,uncategorized,keyword,
купить полировочную машину для авто,20,uncategorized,keyword,
паста для полировки кузова автомобиля,20,uncategorized,keyword,
паста для полировки кузова авто,20,uncategorized,keyword,
полировочная паста для кузова,20,uncategorized,keyword,
полировочная паста для кузова автомобиля,20,uncategorized,keyword,
полировальная паста для кузова автомобиля,20,uncategorized,keyword,
кислотный автошампунь,20,uncategorized,keyword,
щетка для чистки авто,20,uncategorized,keyword,
средство для химчистки авто,20,uncategorized,keyword,
купить химию для химчистки салона автомобиля,20,uncategorized,keyword,
купить средство для химчистки салона автомобиля,20,uncategorized,keyword,
купить очиститель салона авто,20,uncategorized,keyword,
средство для очистки салона авто,20,uncategorized,keyword,
чистящее средство для салона авто,20,uncategorized,keyword,
чистящее средство для салона автомобиля,20,uncategorized,keyword,
средства для химчистки автомобиля,20,uncategorized,keyword,
уход за кожей салона автомобиля,20,uncategorized,keyword,
чернение колес,20,uncategorized,keyword,
купить пену для мытья машины,20,uncategorized,keyword,
полироль для резины,20,uncategorized,keyword,
химия для чистки сидений автомобиля,20,uncategorized,keyword,
средство для кожи,20,uncategorized,keyword,
купить химию для автомобиля,20,uncategorized,keyword,
купить химию для авто,20,uncategorized,keyword,
купить активную пену для мойки,20,uncategorized,keyword,
средство для очистки кузова авто,20,uncategorized,keyword,
химия для дисков автомобиля,20,uncategorized,keyword,
химия для дисков авто,20,uncategorized,keyword,
шампунь для мойки машины,20,uncategorized,keyword,
купить щетку для машины,20,uncategorized,keyword,
химия для мойки салона авто,20,uncategorized,keyword,
средство для ухода за пластиком автомобиля,20,uncategorized,keyword,
средство для очистки стекол автомобиля,20,uncategorized,keyword,
средство для очистки кузова автомобиля,20,uncategorized,keyword,
химия для кузова автомобиля,20,uncategorized,keyword,
средство для чистки дисков авто,20,uncategorized,keyword,
средство для мойки машин,20,uncategorized,keyword,
химия для мытья машин,20,uncategorized,keyword,
автокосметика купить,10,uncategorized,keyword,
автокосметика для детейлинга,10,uncategorized,keyword,
автохимия для детейлинга,10,uncategorized,keyword,
полировочная машинка для детейлинга,10,uncategorized,keyword,
автокосметика купить киев,10,uncategorized,keyword,
автохимия для автомобиля интернет магазин,10,uncategorized,keyword,
автохимия и автокосметика интернет магазин,10,uncategorized,keyword,
автохимия интернет магазин,10,uncategorized,keyword,
интернет магазин автокосметики,10,uncategorized,keyword,
детейлинг шоп,10,uncategorized,keyword,
автохимия каталог,10,uncategorized,keyword,
автокосметика для автомобиля интернет магазин,10,uncategorized,keyword,
профессиональная автохимия и автокосметика,10,uncategorized,keyword,
химия для автомоек киев,10,uncategorized,keyword,
автокосметика киев,10,uncategorized,keyword,
автокосметика профессиональная,10,uncategorized,keyword,
автохимия киев интернет магазин,10,uncategorized,keyword,
автохимия купить киев,10,uncategorized,keyword,
магазин автохимии киев,10,uncategorized,keyword,
автокосметика цены,10,uncategorized,keyword,
автохимия цена,10,uncategorized,keyword,
купить пену для бесконтактной мойки,10,uncategorized,keyword,
пена для мойки автомобиля купить,10,uncategorized,keyword,
активная пена для автомойки,10,uncategorized,keyword,
активная пена для мытья машины,10,uncategorized,keyword,
бесконтактная пена для автомобилей,10,uncategorized,keyword,
купить пену для бесконтактной мойки автомобиля,10,uncategorized,keyword,
химия для бесконтактной мойки автомобиля,10,uncategorized,keyword,
химия для бесконтактной мойки авто,10,uncategorized,keyword,
торнадор купить в украине,10,uncategorized,keyword,
глина для удаления загрязнений автомобиля,10,uncategorized,keyword,
глина для очистки кузова автомобиля,10,uncategorized,keyword,
глина для очистки авто,10,uncategorized,keyword,
глина для очистки кузова авто,10,uncategorized,keyword,
глина для очистки кузова автомобиля купить,10,uncategorized,keyword,
глина для полировки автомобиля купить,10,uncategorized,keyword,
глина для очистки автомобиля,10,uncategorized,keyword,
глина для чистки авто купить,10,uncategorized,keyword,
губка для мытья машины купить,10,uncategorized,keyword,
губка для машины купить,10,uncategorized,keyword,
мочалка автомобильная,10,uncategorized,keyword,
купить губку для мойки авто,10,uncategorized,keyword,
губка для мытья автомобиля купить,10,uncategorized,keyword,
губки автомобильные,10,uncategorized,keyword,
губка для мойки машины,10,uncategorized,keyword,
губка для мойки автомобиля купить,10,uncategorized,keyword,
губка для мытья авто,10,uncategorized,keyword,
большая губка для мытья авто,10,uncategorized,keyword,
губки для мытья автомобиля,10,uncategorized,keyword,
купить жидкое стекло для полировки автомобиля,10,uncategorized,keyword,
купить жидкое стекло для машины,10,uncategorized,keyword,
купить жидкое стекло для покрытия автомобиля,10,uncategorized,keyword,
купить жидкое стекло для кузова,10,uncategorized,keyword,
нанокерамика на авто купить,10,uncategorized,keyword,
нанокерамика стоимость,10,uncategorized,keyword,
кисточки для детейлинга авто,10,uncategorized,keyword,
кисточки для мойки авто,10,uncategorized,keyword,
кисточки для мытья машины,10,uncategorized,keyword,
малярный скотч 1 см купить,10,uncategorized,keyword,
малярный скотч стоимость,10,uncategorized,keyword,
скотч малярный купить в украине,10,uncategorized,keyword,
купить малярную клейкую ленту,10,uncategorized,keyword,
купить малярный скотч для авто,10,uncategorized,keyword,
круг для полировки кузова,10,uncategorized,keyword,
купить круг для полировки,10,uncategorized,keyword,
круг для полировки авто цена,10,uncategorized,keyword,
полировочные круги на липучке,10,uncategorized,keyword,
поролоновый круг для полировки купить,10,uncategorized,keyword,
минимальный набор для полировки авто,10,uncategorized,keyword,
полировочный набор для авто,10,uncategorized,keyword,
набор для чистки машины,10,uncategorized,keyword,
набор для уборки машины,10,uncategorized,keyword,
набор для ручной полировки автомобиля,10,uncategorized,keyword,
купить полировочный набор для авто,10,uncategorized,keyword,
набор химии для автомобиля,10,uncategorized,keyword,
подарочные наборы для автомобиля,10,uncategorized,keyword,
набор для мытья автомобиля,10,uncategorized,keyword,
подарочный набор для ухода за автомобилем,10,uncategorized,keyword,
набор салфеток для автомобиля,10,uncategorized,keyword,
устранитель запаха в машине,10,uncategorized,keyword,
поглотитель запаха для авто,10,uncategorized,keyword,
поглотитель запаха автомобильный,10,uncategorized,keyword,
поглотитель запаха в машину,10,uncategorized,keyword,
нейтрализатор запахов в салоне,10,uncategorized,keyword,
удаление запаха в машине,10,uncategorized,keyword,
удаление запахов в автомобиле,10,uncategorized,keyword,
удалить запах в салоне автомобиля,10,uncategorized,keyword,
устранение запаха в салоне автомобиля,10,uncategorized,keyword,
устранение неприятных запахов в автомобиле,10,uncategorized,keyword,
устранитель запаха в автомобиле,10,uncategorized,keyword,
обезжириватель автомобильный купить,10,uncategorized,keyword,
обезжириватель для машины,10,uncategorized,keyword,
химия для чистки двигателя,10,uncategorized,keyword,
средство для мытья мотора,10,uncategorized,keyword,
средство для очистки двигателя снаружи,10,uncategorized,keyword,
средство для мойки двигателя от масла,10,uncategorized,keyword,
моющее средство для двигателя автомобиля,10,uncategorized,keyword,
автохимия для очистки двигателя,10,uncategorized,keyword,
моющее средство для мойки двигателя,10,uncategorized,keyword,
средство для мойки двигателя цена,10,uncategorized,keyword,
для очистки двигателя,10,uncategorized,keyword,
очиститель поверхности двигателя,10,uncategorized,keyword,
купить средство для очистки двигателя,10,uncategorized,keyword,
жидкость для очистки двигателя,10,uncategorized,keyword,
очиститель стекла для автомобиля,10,uncategorized,keyword,
купить омыватель стекла авто,10,uncategorized,keyword,
стеклоомыватель в машине,10,uncategorized,keyword,
купить стеклоомыватель для авто,10,uncategorized,keyword,
летний омыватель купить,10,uncategorized,keyword,
зимний стеклоомыватель купить,10,uncategorized,keyword,
купить стеклоомыватель,10,uncategorized,keyword,
стеклоомыватель зимний цена,10,uncategorized,keyword,
химия для автомоек оптом,10,uncategorized,keyword,
автокосметика оптом,10,uncategorized,keyword,
автохимия по оптовым ценам,10,uncategorized,keyword,
купить автохимию оптом,10,uncategorized,keyword,
автокосметика оптом от производителя,10,uncategorized,keyword,
химия для авто оптом,10,uncategorized,keyword,
автохимия оптом от производителя,10,uncategorized,keyword,
купить автокосметику оптом,10,uncategorized,keyword,
купить полироль жидкое стекло,10,uncategorized,keyword,
круги для полировальной машины,10,uncategorized,keyword,
круги для полировальной машинки,10,uncategorized,keyword,
круг полировальный на липучке,10,uncategorized,keyword,
полировальные круги для полировки автомобиля,10,uncategorized,keyword,
купить полировальный круг в украине,10,uncategorized,keyword,
полировочная машинка цена,10,uncategorized,keyword,
купить машинку для полировки кузова авто,10,uncategorized,keyword,
купить машинку для полировки кузова автомобиля,10,uncategorized,keyword,
полировочная машинка для машины,10,uncategorized,keyword,
полировочная машинка для автомобиля цена,10,uncategorized,keyword,
купить полировочная машинка в украине,10,uncategorized,keyword,
купить полировочную машинку для авто в украине,10,uncategorized,keyword,
купить полировочную машину для автомобиля,10,uncategorized,keyword,
полировочные машинки для авто цены,10,uncategorized,keyword,
полировочный круг для машины,10,uncategorized,keyword,
круги для полировки машины,10,uncategorized,keyword,
полировальные круги для полировки авто,10,uncategorized,keyword,
круги на полировочную машинку,10,uncategorized,keyword,
полировальный набор для авто,10,uncategorized,keyword,
полировальные круги для авто цена,10,uncategorized,keyword,
полировальная паста купить,10,uncategorized,keyword,
полировочная паста для машины,10,uncategorized,keyword,
пятновыводитель для автомобиля,10,uncategorized,keyword,
пятновыводитель для машины,10,uncategorized,keyword,
пятновыводитель для салона автомобиля,10,uncategorized,keyword,
распылитель воды для мойки авто,10,uncategorized,keyword,
распылитель для машины,10,uncategorized,keyword,
распылитель пены для мойки авто,10,uncategorized,keyword,
распылитель воды для авто,10,uncategorized,keyword,
распылитель для мойки машины,10,uncategorized,keyword,
распылитель для мытья машины,10,uncategorized,keyword,
купить щетку для мойки машины,10,uncategorized,keyword,
силант автомобиль,10,uncategorized,keyword,
химия для очистки салона,10,uncategorized,keyword,
средство для чистки тканевого салона авто,10,uncategorized,keyword,
химчистка для салона авто,10,uncategorized,keyword,
для химчистки салона автомобиля,10,uncategorized,keyword,
жидкость для химчистки салона,10,uncategorized,keyword,
купить химию для химчистки салона,10,uncategorized,keyword,
средства для чистки салона машины,10,uncategorized,keyword,
средство для химчистки салона машины,10,uncategorized,keyword,
химия для чистки салона машины,10,uncategorized,keyword,
автохимия для химчистки салона,10,uncategorized,keyword,
автохимия для химчистки салона автомобиля,10,uncategorized,keyword,
купить химию для чистки салона,10,uncategorized,keyword,
средство для чистки обивки салона автомобиля,10,uncategorized,keyword,
автохимия для чистки салона,10,uncategorized,keyword,
автохимия для чистки салона автомобиля,10,uncategorized,keyword,
жидкость для химчистки салона авто,10,uncategorized,keyword,
средство для химчистки салона купить,10,uncategorized,keyword,
средство для чистки автомобильного салона,10,uncategorized,keyword,
средство для чистки автосалона,10,uncategorized,keyword,
средство для чистки обивки салона,10,uncategorized,keyword,
средства для химической чистки салона автомобиля,10,uncategorized,keyword,
средство для чистки ткани салона,10,uncategorized,keyword,
все для химчистки салона автомобиля,10,uncategorized,keyword,
все для химчистки салона,10,uncategorized,keyword,
средства для очистки кожи салона авто,10,uncategorized,keyword,
химия для чистки кожаного салона,10,uncategorized,keyword,
средство для химчистки кожаного салона,10,uncategorized,keyword,
средство для химчистки кожи автомобиля,10,uncategorized,keyword,
купить химчистку для салона автомобиля,10,uncategorized,keyword,
средство для химчистки автосалона,10,uncategorized,keyword,
торнадор для химчистки авто купить,10,uncategorized,keyword,
цена торнадор для химчистки,10,uncategorized,keyword,
торнадо для химчистки салона,10,uncategorized,keyword,
оборудование для химчистки машины,10,uncategorized,keyword,
оборудование для чистки салона автомобиля,10,uncategorized,keyword,
оборудование химчистки автомобиля,10,uncategorized,keyword,
средство для кожи салона авто,10,uncategorized,keyword,
автохимия для кожаного салона,10,uncategorized,keyword,
купить твердый воск для авто в украине,10,uncategorized,keyword,
твердый воск для авто цена,10,uncategorized,keyword,
купить твердый воск для машины,10,uncategorized,keyword,
твердый воск купить,10,uncategorized,keyword,
твердый воск для автомобиля цена,10,uncategorized,keyword,
твердый воск для машины,10,uncategorized,keyword,
твердый воск цена,10,uncategorized,keyword,
средства для ухода за кожей салона авто,10,uncategorized,keyword,
лучшее средство для ухода за кожей автомобиля,10,uncategorized,keyword,
средства для ухода за кожей салона автомобиля,10,uncategorized,keyword,
ведро для мытья машины,10,uncategorized,keyword,
жидкий воск для автомобиля,10,uncategorized,keyword,
жидкий воск для машин,10,uncategorized,keyword,
жидкий воск для кузова автомобиля,10,uncategorized,keyword,
купить пену для мойки высокого давления,10,uncategorized,keyword,
перчатка для мытья машины,10,uncategorized,keyword,
купить пену для автомойки,10,uncategorized,keyword,
купить пену для мойки машин,10,uncategorized,keyword,
полироль для резины автомобиля,10,uncategorized,keyword,
средство для мытья дисков автомобиля,10,uncategorized,keyword,
полироль машинка,10,uncategorized,keyword,
средства для чистки потолка автомобиля,10,uncategorized,keyword,
автохимия для салона авто,10,uncategorized,keyword,
автохимия для салона автомобиля,10,uncategorized,keyword,
купить активную пену для мойки машин,10,uncategorized,keyword,
средство для очистки автомобильных стекол,10,uncategorized,keyword,
средство для чистки стекол автомобиля,10,uncategorized,keyword,
глина для чистки машины,10,uncategorized,keyword,
глина для мытья машины,10,uncategorized,keyword,
автохимия очиститель кузова,10,uncategorized,keyword,
купить очиститель кузова,10,uncategorized,keyword,
купить очиститель кузова автомобиля,10,uncategorized,keyword,
универсальный очиститель кузова,10,uncategorized,keyword,
химия для кузова авто,10,uncategorized,keyword,
автокосметика для кузова,10,uncategorized,keyword,
средства для ухода за резиной автомобиля,10,uncategorized,keyword,
химия для чистки колесных дисков,10,uncategorized,keyword,
средство для чистки автомобильных дисков,10,uncategorized,keyword,
средства для чистки колесных дисков,10,uncategorized,keyword,
средство для чистки литых дисков,10,uncategorized,keyword,
жидкость для мойки автомобиля,10,uncategorized,keyword,
химия для мойки автомобиля цена,10,uncategorized,keyword,
купить химию для мойки авто в украине,10,uncategorized,keyword,
купить химию для мойки машин,10,uncategorized,keyword,
купить шампунь для мойки авто,10,uncategorized,keyword,
купить шампунь для автомойки,10,uncategorized,keyword,
все для мойки машины,10,uncategorized,keyword,
оборудование для полировки автомобиля,10,uncategorized,keyword,
автохимия для салона купить,10,uncategorized,keyword,
химия для текстиля авто,10,uncategorized,keyword,
автокосметика для кожи,10,uncategorized,keyword,
защитные покрытия автомобиля,10,uncategorized,keyword,
tornador купить в украине,10,uncategorized,keyword,
автокосметика для машины,10,uncategorized,keyword,
косметика для автомобиля купить,10,uncategorized,keyword,
автохимия и косметика,10,uncategorized,keyword,
где купить автохимию,10,uncategorized,keyword,
продажа автохимии,10,uncategorized,keyword,
автокосметика автохимия,10,uncategorized,keyword,
автокосметика купить в украине,10,uncategorized,keyword,
автомобильная косметика,10,uncategorized,keyword,
автокосметика для автомоек,10,uncategorized,keyword,
детейлинг химия,10,uncategorized,keyword,
профессиональная химия для автомоек,10,uncategorized,keyword,
купить химию для автомойки,10,uncategorized,keyword,
автокосметика для салона,10,uncategorized,keyword,
каталог автокосметики,10,uncategorized,keyword,
элитная автокосметика,10,uncategorized,keyword,
автокосметика украина,0,uncategorized,keyword,
антидождь для авто украина,0,uncategorized,keyword,
средство для химчистки салона украина,0,uncategorized,keyword,
автохимия украина,0,uncategorized,keyword,
автохимия интернет магазин украина,0,uncategorized,keyword,
автохимия купить украина,0,uncategorized,keyword,
автохимия и автокосметика описание,0,uncategorized,keyword,
химия для автомойки украина,0,uncategorized,keyword,
автокосметика оптом украина,0,uncategorized,keyword,
автохимия оптом украина,0,uncategorized,keyword,
стеклоомыватель украина,0,uncategorized,keyword,
глина для авто украина,0,uncategorized,keyword,
химия для мойки авто украина,0,uncategorized,keyword,
активная пена для мойки автомобиля цена,0,uncategorized,keyword,
средство для блеска шин,0,uncategorized,keyword,
глина автоскраб,0,uncategorized,keyword,
мочалка для профессиональной мойки автомобилей,0,uncategorized,keyword,
купить мочалку для авто,0,uncategorized,keyword,
купить мочалку для мытья авто,0,uncategorized,keyword,
мочалка для мытья авто,0,uncategorized,keyword,
мочалки для мойки автомобиля купить,0,uncategorized,keyword,
мочалка для мытья автомобиля,0,uncategorized,keyword,
покрытие для авто нанокерамика,0,uncategorized,keyword,
нанокерамика для авто салона,0,uncategorized,keyword,
нанокерамика покрытие,0,uncategorized,keyword,
нанокерамика на машину,0,uncategorized,keyword,
купить в украине круги для полировки,0,uncategorized,keyword,
очиститель заднего стекла автомобиля,0,uncategorized,keyword,
купить стеклоомыватель цены,0,uncategorized,keyword,
круг для полировки на машинку,0,uncategorized,keyword,
пенник для мойки автомобиля,0,uncategorized,keyword,
для ручной мойки шампунь для мойки кузова авто,0,uncategorized,keyword,
профессиональная химчистка салона авто tornador,0,uncategorized,keyword,
средство для защиты кожаного салона авто,0,uncategorized,keyword,
твердый воск для полировки авто,0,uncategorized,keyword,
купить холодный воск для машины,0,uncategorized,keyword,
купить пену для машины,0,uncategorized,keyword,
купить активную пену для мытья автомобиля,0,uncategorized,keyword,
очистители кузова цена,0,uncategorized,keyword,
универсальный очиститель для кузова авто,0,uncategorized,keyword,
купить средство для шин машины,0,uncategorized,keyword,
купить средство для чистки дисков авто,0,uncategorized,keyword,
средство для чистки дисков колес,0,uncategorized,keyword,
автохимия для мойки кузова,0,uncategorized,keyword,
автомосметика и автохимия для мойки авто,0,uncategorized,keyword,
средство для сохранения кожи авто,0,uncategorized,keyword,
купить средство для кожи автомобиля,0,uncategorized,keyword,
купить tornador в україні,0,uncategorized,keyword,
ведро для мойки автомобиля,90,vedra-i-emkosti,keyword,
ведра для мойки авто,90,vedra-i-emkosti,keyword,
ведро для детейлинга,30,vedra-i-emkosti,keyword,
ведро с сеткой для мойки,10,vedra-i-emkosti,synonym,
профессиональное ведро для мойки,10,vedra-i-emkosti,synonym,
купить ведро для мойки авто,10,vedra-i-emkosti,synonym,meta_only
ведро для мойки автомобиля купить,0,vedra-i-emkosti,synonym,meta_only
воск для авто,1600,voski,keyword,
купить воск для авто,320,voski,synonym,meta_only
купить воск для автомобиля,320,voski,synonym,meta_only
воск для машины,210,voski,keyword,
воск автомобильный,90,voski,keyword,
воск для полировки авто,90,voski,keyword,
воск для мойки авто,70,voski,synonym,
воск для кузова авто,50,voski,synonym,
восковый полироль для авто,50,voski,synonym,
купить воск для полировки авто,20,voski,synonym,meta_only
купить воск для мойки авто,20,voski,synonym,meta_only
защитные покрытия для авто,70,zashchitnye-pokrytiya,keyword,
покрытие для автомобиля,10,zashchitnye-pokrytiya,keyword,
защитное покрытие на машину купить,10,zashchitnye-pokrytiya,synonym,meta_only
купить защитное покрытие для авто,10,zashchitnye-pokrytiya,synonym,meta_only
жидкий воск для авто,480,zhidkiy-vosk,keyword,
жидкий воск,320,zhidkiy-vosk,keyword,
купить жидкий воск для авто,70,zhidkiy-vosk,synonym,meta_only
купить жидкий воск,40,zhidkiy-vosk,synonym,meta_only
купить жидкий воск для автомобиля,20,zhidkiy-vosk,synonym,meta_only
жидкий воск для кузова,10,zhidkiy-vosk,synonym,
жидкий воск для мойки авто,10,zhidkiy-vosk,synonym,
жидкий воск для автомойки,10,zhidkiy-vosk,synonym,
купить жидкий воск для машины,10,zhidkiy-vosk,synonym,meta_only
жидкий воск для авто цена,10,zhidkiy-vosk,synonym,meta_only
