keyword,volume,category,source_type
губка для полировки авто,170,aksessuary-dlya-naneseniya-sredstv,keyword
тряпки для полировки авто,50,aksessuary-dlya-naneseniya-sredstv,keyword
аппликатор для авто,30,aksessuary-dlya-naneseniya-sredstv,keyword
салфетки для полировки авто,20,aksessuary-dlya-naneseniya-sredstv,keyword
губка для салона авто,10,aksessuary-dlya-naneseniya-sredstv,keyword
губка для полировки автомобиля,170,aksessuary-dlya-naneseniya-sredstv,synonym
губка из микрофибры для авто,10,aksessuary-dlya-naneseniya-sredstv,synonym
губка для ручной полировки авто,10,aksessuary-dlya-naneseniya-sredstv,synonym
полировочная губка для авто,10,aksessuary-dlya-naneseniya-sredstv,synonym
купить губку для полировки авто,20,aksessuary-dlya-naneseniya-sredstv,synonym
аксессуары для мойки авто,50,aksessuary,keyword
все для мойки авто,50,aksessuary,keyword
аксессуары для автомоек,20,aksessuary,keyword
аксессуары для детейлинга,20,aksessuary,keyword
все для мойки автомобилей,40,aksessuary,synonym
все для мойки машины,10,aksessuary,synonym
аксессуары по уходу за автомобилем,10,aksessuary,synonym
инвентарь для мойки авто,10,aksessuary,synonym
принадлежности для мойки авто,10,aksessuary,synonym
купить скребок для автомобиля,30,aksessuary,synonym
купить аксессуары для мойки,10,aksessuary,synonym
мочалка для авто,320,gubki-i-varezhki,keyword
губка для авто,110,gubki-i-varezhki,keyword
перчатка для мойки авто,90,gubki-i-varezhki,keyword
губка для мойки авто,70,gubki-i-varezhki,keyword
мочалки для мойки авто,70,gubki-i-varezhki,keyword
варежка для мойки авто,40,gubki-i-varezhki,keyword
мочалка для автомобиля,320,gubki-i-varezhki,synonym
губки для автомобиля,110,gubki-i-varezhki,synonym
мочалка для машины,90,gubki-i-varezhki,synonym
перчатка для мойки автомобиля,70,gubki-i-varezhki,synonym
губки для мытья машины,70,gubki-i-varezhki,synonym
губки для мойки автомобиля,70,gubki-i-varezhki,synonym
мочалка для мойки автомобиля,70,gubki-i-varezhki,synonym
губка для машины,50,gubki-i-varezhki,synonym
варежка для мойки автомобиля,20,gubki-i-varezhki,synonym
мочалка для мытья машины,30,gubki-i-varezhki,synonym
губки автомобильные,10,gubki-i-varezhki,synonym
губка для мойки машины,10,gubki-i-varezhki,synonym
губка для мытья авто,10,gubki-i-varezhki,synonym
губки для мытья автомобиля,10,gubki-i-varezhki,synonym
большая губка для мытья авто,10,gubki-i-varezhki,synonym
мочалка автомобильная,10,gubki-i-varezhki,synonym
перчатка для мытья машины,10,gubki-i-varezhki,synonym
купить мочалку для мойки авто,30,gubki-i-varezhki,synonym
купить губку для мойки авто,10,gubki-i-varezhki,synonym
губка для мытья машины купить,10,gubki-i-varezhki,synonym
губка для машины купить,10,gubki-i-varezhki,synonym
губка для мытья автомобиля купить,10,gubki-i-varezhki,synonym
губка для мойки автомобиля купить,10,gubki-i-varezhki,synonym
купить губку для автомобиля,10,gubki-i-varezhki,synonym
мочалка для авто цена,0,gubki-i-varezhki,synonym
малярный скотч,4400,malyarniy-skotch,keyword
малярная лента,50,malyarniy-skotch,keyword
малярный скотч 10мм,40,malyarniy-skotch,keyword
скотч малярный автомобильный,20,malyarniy-skotch,keyword
малярный скотч широкий,10,malyarniy-skotch,keyword
малярный скотч для авто,10,malyarniy-skotch,keyword
малярные скотчи,4400,malyarniy-skotch,synonym
малярный скотч 10 мм,30,malyarniy-skotch,synonym
малярский скотч,10,malyarniy-skotch,synonym
купить малярный скотч,210,malyarniy-skotch,synonym
малярный скотч цена,70,malyarniy-skotch,synonym
малярная лента купить,50,malyarniy-skotch,synonym
малярный скотч 1 см купить,10,malyarniy-skotch,synonym
малярный скотч стоимость,10,malyarniy-skotch,synonym
скотч малярный купить в украине,10,malyarniy-skotch,synonym
купить малярную клейкую ленту,10,malyarniy-skotch,synonym
купить малярный скотч для авто,10,malyarniy-skotch,synonym
микрофибра для авто,1000,mikrofibra-i-tryapki,keyword
тряпка для авто,1000,mikrofibra-i-tryapki,keyword
тряпка для авто без разводов,170,mikrofibra-i-tryapki,keyword
микрофибра для сушки авто,140,mikrofibra-i-tryapki,keyword
тряпки для сушки авто,110,mikrofibra-i-tryapki,keyword
влаговпитывающая тряпка для авто,90,mikrofibra-i-tryapki,keyword
тряпка микрофибра для авто,70,mikrofibra-i-tryapki,keyword
полотенце для сушки авто,50,mikrofibra-i-tryapki,keyword
микрофибра для полировки авто,50,mikrofibra-i-tryapki,keyword
тряпки для мытья машины,50,mikrofibra-i-tryapki,keyword
тряпка для стекла автомобиля,40,mikrofibra-i-tryapki,keyword
тряпки для автомобиля,1000,mikrofibra-i-tryapki,synonym
фибра для авто,260,mikrofibra-i-tryapki,synonym
тряпки для машины,210,mikrofibra-i-tryapki,synonym
тряпочки для машины,210,mikrofibra-i-tryapki,synonym
тряпка для автомобиля без разводов,170,mikrofibra-i-tryapki,synonym
тряпки для сушки автомобиля,110,mikrofibra-i-tryapki,synonym
тряпка для мойки авто,70,mikrofibra-i-tryapki,synonym
автомобильные тряпки,50,mikrofibra-i-tryapki,synonym
тряпки для мойки автомобиля,40,mikrofibra-i-tryapki,synonym
тряпка для машины после мойки,40,mikrofibra-i-tryapki,synonym
микрофибра для машины,30,mikrofibra-i-tryapki,synonym
тряпка для кузова авто,30,mikrofibra-i-tryapki,synonym
полотенце микрофибра для авто,30,mikrofibra-i-tryapki,synonym
супер впитывающая тряпка для авто,30,mikrofibra-i-tryapki,synonym
тряпка для салона автомобиля,20,mikrofibra-i-tryapki,synonym
тряпка для салона авто,20,mikrofibra-i-tryapki,synonym
тряпки для мойки машин,20,mikrofibra-i-tryapki,synonym
тряпки для мытья автомобиля,20,mikrofibra-i-tryapki,synonym
тряпка для протирки авто,20,mikrofibra-i-tryapki,synonym
тряпка для протирки автомобиля,20,mikrofibra-i-tryapki,synonym
тряпка для вытирания авто после мойки,20,mikrofibra-i-tryapki,synonym
микрофибра для стекла авто,20,mikrofibra-i-tryapki,synonym
салфетка из микрофибры для авто,20,mikrofibra-i-tryapki,synonym
тряпка для стекол авто,10,mikrofibra-i-tryapki,synonym
тряпка для стекол автомобиля,10,mikrofibra-i-tryapki,synonym
тряпка для стекол машины,10,mikrofibra-i-tryapki,synonym
тряпка для сушки машины,10,mikrofibra-i-tryapki,synonym
тряпка микрофибра для машины,10,mikrofibra-i-tryapki,synonym
тряпка из микрофибры для автомобиля,10,mikrofibra-i-tryapki,synonym
тряпка для полировки машины,10,mikrofibra-i-tryapki,synonym
впитывающая тряпка для авто,10,mikrofibra-i-tryapki,synonym
влаговпитывающая тряпка,10,mikrofibra-i-tryapki,synonym
микрофибра для мойки авто,10,mikrofibra-i-tryapki,synonym
микрофибра для мытья машины,10,mikrofibra-i-tryapki,synonym
купить тряпку для авто,90,mikrofibra-i-tryapki,synonym
купить микрофибру для авто,70,mikrofibra-i-tryapki,synonym
купить тряпку для сушки авто,40,mikrofibra-i-tryapki,synonym
купить тряпку для мойки автомобиля,40,mikrofibra-i-tryapki,synonym
купить тряпку для мойки авто,40,mikrofibra-i-tryapki,synonym
купить тряпки для автомойки,20,mikrofibra-i-tryapki,synonym
микрофибра для автомобиля купить,20,mikrofibra-i-tryapki,synonym
купить тряпку для машины,10,mikrofibra-i-tryapki,synonym
купить тряпку для стекол авто,10,mikrofibra-i-tryapki,synonym
тряпка для машины цена,10,mikrofibra-i-tryapki,synonym
тряпка для мытья машины цена,10,mikrofibra-i-tryapki,synonym
наборы для авто,390,nabory,keyword
набор для полировки авто,390,nabory,keyword
наборы для детейлинга,260,nabory,keyword
набор для мойки авто,210,nabory,keyword
набор для ухода за авто,170,nabory,keyword
набор для химчистки автомобиля,170,nabory,keyword
подарочные наборы для мужчин в машину,140,nabory,keyword
набор для химчистки салона,140,nabory,keyword
набор для чистки салона авто,140,nabory,keyword
набор для чистки салона автомобиля,110,nabory,keyword
подарочные наборы в машину,90,nabory,keyword
подарочные наборы для автомобилиста,90,nabory,keyword
наборы для ухода за автомобилем,170,nabory,synonym
набор для мойки автомобиля,170,nabory,synonym
набор для химчистки авто,140,nabory,synonym
комплект для полировки авто,70,nabory,synonym
набор для чистки автомобиля,50,nabory,synonym
набор для ухода за машиной,50,nabory,synonym
наборы автокосметики,40,nabory,synonym
набор для детейлинга авто,40,nabory,synonym
набор для ухода за салоном автомобиля,30,nabory,synonym
авто набор в машину,30,nabory,synonym
набор для автомобилиста подарок,30,nabory,synonym
набор для мойки машины,30,nabory,synonym
набор для детейлинга салона,30,nabory,synonym
набор кисточек для детейлинга,30,nabory,synonym
набор для детейлинга салона авто,20,nabory,synonym
подарочный набор для авто,20,nabory,synonym
набор для уборки автомобиля,20,nabory,synonym
набор для салона автомобиля,20,nabory,synonym
набор для химчистки салона авто,20,nabory,synonym
минимальный набор для полировки авто,10,nabory,synonym
полировочный набор для авто,10,nabory,synonym
полировальный набор для авто,10,nabory,synonym
набор для чистки машины,10,nabory,synonym
набор для уборки машины,10,nabory,synonym
набор для ручной полировки автомобиля,10,nabory,synonym
набор химии для автомобиля,10,nabory,synonym
набор для мытья автомобиля,10,nabory,synonym
подарочный набор для ухода за автомобилем,10,nabory,synonym
набор салфеток для автомобиля,10,nabory,synonym
набор кистей для детейлинга,10,nabory,synonym
набор щеток для химчистки авто,10,nabory,synonym
набор тряпок для машины,10,nabory,synonym
подарочные наборы для автомобиля,10,nabory,synonym
купить набор для полировки авто,50,nabory,synonym
купить набор для авто,20,nabory,synonym
купить набор для детейлинга,20,nabory,synonym
купить набор для мойки автомобиля,10,nabory,synonym
купить полировочный набор для авто,10,nabory,synonym
пенообразователи для мойки,260,raspyliteli-i-penniki,keyword
помповый распылитель для мойки авто,260,raspyliteli-i-penniki,keyword
пенообразователь для мойки высокого давления,70,raspyliteli-i-penniki,keyword
распылитель для мойки авто,50,raspyliteli-i-penniki,keyword
пенник для минимойки,10,raspyliteli-i-penniki,keyword
авто триггер,10,raspyliteli-i-penniki,keyword
распылитель пены для мойки,30,raspyliteli-i-penniki,synonym
ручной распылитель для мойки авто,30,raspyliteli-i-penniki,synonym
помповый распылитель для авто,20,raspyliteli-i-penniki,synonym
пенники для моек высокого давления,10,raspyliteli-i-penniki,synonym
распылитель для воды,10,raspyliteli-i-penniki,synonym
распылитель воды для мойки авто,10,raspyliteli-i-penniki,synonym
распылитель для машины,10,raspyliteli-i-penniki,synonym
распылитель пены для мойки авто,10,raspyliteli-i-penniki,synonym
распылитель воды для авто,10,raspyliteli-i-penniki,synonym
распылитель для мойки машины,10,raspyliteli-i-penniki,synonym
распылитель для мытья машины,10,raspyliteli-i-penniki,synonym
распылитель пены для автомойки,10,raspyliteli-i-penniki,synonym
авто распылитель,10,raspyliteli-i-penniki,synonym
пенообразователь для минимойки,0,raspyliteli-i-penniki,synonym
купить пенообразователь для мойки в украине,80,raspyliteli-i-penniki,synonym
купить пенообразователь для мойки высокого давления,40,raspyliteli-i-penniki,synonym
купить пенообразователь для мойки авто,30,raspyliteli-i-penniki,synonym
купить распылитель для воды,20,raspyliteli-i-penniki,synonym
щетка для детейлинга,210,kisti-dlya-deteylinga,keyword
щетка для чистки салона авто,70,kisti-dlya-deteylinga,keyword
щетки для химчистки авто,50,kisti-dlya-deteylinga,keyword
щетка для дисков авто,50,kisti-dlya-deteylinga,keyword
набор щеток для детейлинга,40,kisti-dlya-deteylinga,keyword
кисти для детейлинга,10,kisti-dlya-deteylinga,keyword
щетка для чистки кожи авто,20,kisti-dlya-deteylinga,keyword
щетка для чистки салона автомобиля,70,kisti-dlya-deteylinga,synonym
щетка для салона авто,40,kisti-dlya-deteylinga,synonym
кисточка для автомобилей,20,kisti-dlya-deteylinga,synonym
кисточки для детейлинга,10,kisti-dlya-deteylinga,synonym
кисточки для детейлинга авто,10,kisti-dlya-deteylinga,synonym
кисточки для мойки авто,10,kisti-dlya-deteylinga,synonym
кисточки для мытья машины,10,kisti-dlya-deteylinga,synonym
щетка для чистки салона,20,kisti-dlya-deteylinga,synonym
щетка для чистки сидений авто,20,kisti-dlya-deteylinga,synonym
щетка для кожи авто,20,kisti-dlya-deteylinga,synonym
кисточка для чистки салона авто,20,kisti-dlya-deteylinga,synonym
кисточки для химчистки авто,20,kisti-dlya-deteylinga,synonym
кисточка для авто,20,kisti-dlya-deteylinga,synonym
щетки для детейлинга авто,10,kisti-dlya-deteylinga,synonym
кисти для мойки авто,10,kisti-dlya-deteylinga,synonym
кисточка для машины,10,kisti-dlya-deteylinga,synonym
купить кисточки для детейлинга,40,kisti-dlya-deteylinga,synonym
купить щетки для чистки кожи в авто,20,kisti-dlya-deteylinga,synonym
купить щетки для детейлинга,10,kisti-dlya-deteylinga,synonym
купить кисти для детейлинга,10,kisti-dlya-deteylinga,synonym
щетка для мойки авто,480,shchetka-dlya-moyki-avto,keyword
щетка для мытья машины,390,shchetka-dlya-moyki-avto,keyword
щетка для автомобиля,320,shchetka-dlya-moyki-avto,keyword
мягкие щетки для мытья машины,110,shchetka-dlya-moyki-avto,keyword
щетка скребок для авто,70,shchetka-dlya-moyki-avto,keyword
щетка для мытья дисков авто,10,shchetka-dlya-moyki-avto,keyword
щетки для мойки машины,70,shchetka-dlya-moyki-avto,synonym
щетка для мытья авто,140,shchetka-dlya-moyki-avto,synonym
щетка для мытья автомобиля,90,shchetka-dlya-moyki-avto,synonym
щетка автомобильная,70,shchetka-dlya-moyki-avto,synonym
щетка для чистки авто,20,shchetka-dlya-moyki-avto,synonym
щетки для мойки автомобилей,0,shchetka-dlya-moyki-avto,synonym
щетка для мытья дисков,0,shchetka-dlya-moyki-avto,synonym
купить щетку для мойки авто,210,shchetka-dlya-moyki-avto,synonym
купить щетку для мойки автомобиля,210,shchetka-dlya-moyki-avto,synonym
купить щетку для мытья машины,90,shchetka-dlya-moyki-avto,synonym
купить щетку для мытья авто,30,shchetka-dlya-moyki-avto,synonym
купить щетку для мытья автомобиля,30,shchetka-dlya-moyki-avto,synonym
купить щетку для машины,20,shchetka-dlya-moyki-avto,synonym
купить щетку для мойки машины,10,shchetka-dlya-moyki-avto,synonym
щетка для мытья машины цена,10,shchetka-dlya-moyki-avto,synonym
ведро для мойки автомобиля,90,vedra-i-emkosti,keyword
ведро для детейлинга,30,vedra-i-emkosti,keyword
ведро с сеткой для мойки,10,vedra-i-emkosti,keyword
профессиональное ведро для мойки,10,vedra-i-emkosti,keyword
ведра для мойки авто,90,vedra-i-emkosti,synonym
ведро для мытья машины,10,vedra-i-emkosti,synonym
купить ведро для мойки авто,10,vedra-i-emkosti,synonym
ведро для мойки автомобиля купить,0,vedra-i-emkosti,synonym
автохимия,2400,glavnaya,keyword
автокосметика,480,glavnaya,keyword
магазин автохимии,390,glavnaya,keyword
автохимия для авто,140,glavnaya,keyword
косметика для авто,90,glavnaya,keyword
автодетейлинг,90,glavnaya,keyword
автокосметика для авто,70,glavnaya,keyword
химия для машины,50,glavnaya,keyword
химия для детейлинга,40,glavnaya,keyword
магазин автокосметики,40,glavnaya,keyword
автокосметика профессиональная,10,glavnaya,keyword
элитная автокосметика,10,glavnaya,keyword
авто химия,2400,glavnaya,synonym
автохимия для автомобиля,140,glavnaya,synonym
химия для автомобиля,140,glavnaya,synonym
косметика для автомобиля,90,glavnaya,synonym
автокосметика для автомобиля,70,glavnaya,synonym
косметика для машин,40,glavnaya,synonym
химия автомобильная,30,glavnaya,synonym
интернет магазин автокосметики,10,glavnaya,synonym
автокосметика для детейлинга,10,glavnaya,synonym
автохимия для детейлинга,10,glavnaya,synonym
детейлинг химия,10,glavnaya,synonym
детейлинг шоп,10,glavnaya,synonym
автокосметика для машины,10,glavnaya,synonym
автомобильная косметика,10,glavnaya,synonym
профессиональная автохимия и автокосметика,10,glavnaya,synonym
автохимия и косметика,10,glavnaya,synonym
автокосметика автохимия,10,glavnaya,synonym
автохимия интернет магазин,10,glavnaya,synonym
автохимия для автомобиля интернет магазин,10,glavnaya,synonym
автохимия и автокосметика интернет магазин,10,glavnaya,synonym
автокосметика для автомобиля интернет магазин,10,glavnaya,synonym
автохимия каталог,10,glavnaya,synonym
каталог автокосметики,10,glavnaya,synonym
продажа автохимии,10,glavnaya,synonym
профессиональная химия для автомоек,10,glavnaya,synonym
автохимия купить,70,glavnaya,synonym
детейлинг магазин киев,30,glavnaya,synonym
купить химию для автомобиля,20,glavnaya,synonym
купить химию для авто,20,glavnaya,synonym
автокосметика купить,10,glavnaya,synonym
автокосметика купить киев,10,glavnaya,synonym
автокосметика киев,10,glavnaya,synonym
автохимия киев интернет магазин,10,glavnaya,synonym
автохимия купить киев,10,glavnaya,synonym
магазин автохимии киев,10,glavnaya,synonym
автокосметика цены,10,glavnaya,synonym
автохимия цена,10,glavnaya,synonym
автокосметика купить в украине,10,glavnaya,synonym
химия для автомоек киев,10,glavnaya,synonym
косметика для автомобиля купить,10,glavnaya,synonym
где купить автохимию,10,glavnaya,synonym
купить химию для автомойки,10,glavnaya,synonym
пена для мойки авто,1300,aktivnaya-pena,keyword
активная пена для мойки авто,1000,aktivnaya-pena,keyword
активная пена,720,aktivnaya-pena,keyword
активная пена для бесконтактной мойки,320,aktivnaya-pena,keyword
шампунь для бесконтактной мойки,110,aktivnaya-pena,keyword
пена для минимойки,70,aktivnaya-pena,keyword
пена для мойки автомобиля,1300,aktivnaya-pena,synonym
активная пена для мойки автомобиля,880,aktivnaya-pena,synonym
пена для автомобиля,90,aktivnaya-pena,synonym
пена для мытья машины,90,aktivnaya-pena,synonym
пена для бесконтактной мойки,70,aktivnaya-pena,synonym
пена для авто,70,aktivnaya-pena,synonym
шампунь для бесконтактной мойки авто,50,aktivnaya-pena,synonym
шампунь для бесконтактной мойки автомобилей,50,aktivnaya-pena,synonym
активная пена для авто,50,aktivnaya-pena,synonym
активная пена для мойки,50,aktivnaya-pena,synonym
пена для мойки машины,50,aktivnaya-pena,synonym
шампунь для автомойки высокого давления,40,aktivnaya-pena,synonym
пена для автомойки,40,aktivnaya-pena,synonym
пена для машины,30,aktivnaya-pena,synonym
пена для бесконтактной мойки автомобилей,30,aktivnaya-pena,synonym
бесконтактная пена для автомойки,30,aktivnaya-pena,synonym
пена для бесконтактной мойки авто,30,aktivnaya-pena,synonym
бесконтактная пена,20,aktivnaya-pena,synonym
бесконтактная химия для автомойки,20,aktivnaya-pena,synonym
химия для бесконтактной мойки,20,aktivnaya-pena,synonym
пена для мытья автомобиля,20,aktivnaya-pena,synonym
пена для мытья авто,20,aktivnaya-pena,synonym
активная пена для мойки машин,20,aktivnaya-pena,synonym
профессиональная пена для мойки авто,10,aktivnaya-pena,synonym
активная пена для автомойки,10,aktivnaya-pena,synonym
активная пена для мытья машины,10,aktivnaya-pena,synonym
бесконтактная пена для автомобилей,10,aktivnaya-pena,synonym
химия для бесконтактной мойки автомобиля,10,aktivnaya-pena,synonym
химия для бесконтактной мойки авто,10,aktivnaya-pena,synonym
купить пену для мойки авто,590,aktivnaya-pena,synonym
купить активную пену,260,aktivnaya-pena,synonym
купить активную пену для мойки авто,210,aktivnaya-pena,synonym
купить активная пена,170,aktivnaya-pena,synonym
купить активную пену для мойки автомобиля,140,aktivnaya-pena,synonym
купить активную пену для минимойки,100,aktivnaya-pena,synonym
купить активную пену для бесконтактной мойки,30,aktivnaya-pena,synonym
купить пену для мойки,30,aktivnaya-pena,synonym
купить бесконтактную пену,20,aktivnaya-pena,synonym
купить пену для мытья машины,20,aktivnaya-pena,synonym
купить активную пену для мойки,20,aktivnaya-pena,synonym
купить пену для бесконтактной мойки,10,aktivnaya-pena,synonym
пена для мойки автомобиля купить,10,aktivnaya-pena,synonym
купить пену для бесконтактной мойки автомобиля,10,aktivnaya-pena,synonym
купить пену для мойки высокого давления,10,aktivnaya-pena,synonym
купить пену для автомойки,10,aktivnaya-pena,synonym
купить пену для мойки машин,10,aktivnaya-pena,synonym
купить активную пену для мойки машин,10,aktivnaya-pena,synonym
активная пена цена,10,aktivnaya-pena,synonym
автошампунь,1000,avtoshampuni,keyword
шампунь для авто,500,avtoshampuni,keyword
шампунь для мойки авто,110,avtoshampuni,keyword
автомобильный шампунь,50,avtoshampuni,keyword
автошампунь для ручной мойки,40,avtoshampuni,keyword
шампунь для моек высокого давления,50,avtoshampuni,keyword
кислотный шампунь для авто,20,avtoshampuni,keyword
моющее средство для авто,20,avtoshampuni,keyword
шампунь для автомойки,50,avtoshampuni,synonym
шампунь для машины,40,avtoshampuni,synonym
шампунь для мойки,20,avtoshampuni,synonym
шампунь для мойки машины,20,avtoshampuni,synonym
кислотный автошампунь,20,avtoshampuni,synonym
шампунь для минимойки,10,avtoshampuni,synonym
жидкость для мойки автомобиля,10,avtoshampuni,synonym
купить автошампунь,90,avtoshampuni,synonym
купить шампунь для автомобиля,70,avtoshampuni,synonym
купить шампунь для авто,50,avtoshampuni,synonym
автошампунь цена,20,avtoshampuni,synonym
купить автошампунь для ручной мойки,10,avtoshampuni,synonym
купить шампунь для мойки авто,10,avtoshampuni,synonym
купить шампунь для автомойки,10,avtoshampuni,synonym
автошампунь для ручной мойки,390,shampuni-dlya-ruchnoy-moyki,keyword
шампунь для ручной мойки авто,110,shampuni-dlya-ruchnoy-moyki,keyword
автомобильный шампунь для ручной мойки,70,shampuni-dlya-ruchnoy-moyki,keyword
шампунь для ручной мойки,10,shampuni-dlya-ruchnoy-moyki,synonym
шампунь для мытья авто вручную,10,shampuni-dlya-ruchnoy-moyki,synonym
купить автошампунь для ручной мойки,20,shampuni-dlya-ruchnoy-moyki,synonym
шампунь для ручной мойки цена,10,shampuni-dlya-ruchnoy-moyki,synonym
химия для мойки авто,260,moyka-i-eksterer,keyword
очиститель кузова автомобиля,50,moyka-i-eksterer,keyword
химия для автомойки,50,moyka-i-eksterer,keyword
средство для мойки авто,70,moyka-i-eksterer,keyword
автохимия для мойки авто,50,moyka-i-eksterer,keyword
жидкость для мойки авто,10,moyka-i-eksterer,keyword
очиститель кузова авто,50,moyka-i-eksterer,synonym
химия для мойки,70,moyka-i-eksterer,synonym
автохимия для мойки,50,moyka-i-eksterer,synonym
очиститель кузова,30,moyka-i-eksterer,synonym
химия для мытья машин,20,moyka-i-eksterer,synonym
средство для очистки кузова авто,20,moyka-i-eksterer,synonym
средство для очистки кузова автомобиля,20,moyka-i-eksterer,synonym
химия для кузова автомобиля,20,moyka-i-eksterer,synonym
профессиональная химия для мойки авто,10,moyka-i-eksterer,synonym
универсальный очиститель кузова,10,moyka-i-eksterer,synonym
химия для кузова авто,10,moyka-i-eksterer,synonym
все для мойки машины,10,moyka-i-eksterer,synonym
моющее средство для мойки авто,0,moyka-i-eksterer,synonym
химия для мойки машины,50,moyka-i-eksterer,synonym
химия для мойки автомобиля,20,moyka-i-eksterer,synonym
автохимия для мойки автомобиля,20,moyka-i-eksterer,synonym
средство для мойки автомобиля,10,moyka-i-eksterer,synonym
средство для мойки машин,10,moyka-i-eksterer,synonym
купить химию для мойки авто,260,moyka-i-eksterer,synonym
купить автохимию для мойки авто,20,moyka-i-eksterer,synonym
купить очиститель кузова,10,moyka-i-eksterer,synonym
купить очиститель кузова автомобиля,10,moyka-i-eksterer,synonym
химия для мойки авто цена,10,moyka-i-eksterer,synonym
химия для мойки автомобиля цена,10,moyka-i-eksterer,synonym
купить химию для мойки авто в украине,10,moyka-i-eksterer,synonym
купить химию для мойки машин,10,moyka-i-eksterer,synonym
очиститель двигателя,480,ochistiteli-dvigatelya,keyword
химия для мойки двигателя,320,ochistiteli-dvigatelya,keyword
средства для мойки двигателя,260,ochistiteli-dvigatelya,keyword
очиститель двигателя от масла и грязи,210,ochistiteli-dvigatelya,keyword
средство для мытья двигателя,140,ochistiteli-dvigatelya,keyword
очиститель двигателя от масляных загрязнений,110,ochistiteli-dvigatelya,keyword
химия для мотора,70,ochistiteli-dvigatelya,synonym
химия для мойки мотора,40,ochistiteli-dvigatelya,synonym
химия для очистки двигателя снаружи,40,ochistiteli-dvigatelya,synonym
профессиональная химия для мойки двигателя,40,ochistiteli-dvigatelya,synonym
химия для мытья двигателя,30,ochistiteli-dvigatelya,synonym
очиститель двигателя наружный,20,ochistiteli-dvigatelya,synonym
средство для мытья двигателя от масла,20,ochistiteli-dvigatelya,synonym
жидкость для мытья двигателя,20,ochistiteli-dvigatelya,synonym
автохимия для двигателя,20,ochistiteli-dvigatelya,synonym
химия для очистки двигателя,20,ochistiteli-dvigatelya,synonym
средство для очистки двигателя,20,ochistiteli-dvigatelya,synonym
средство для очистки двигателя от масла,20,ochistiteli-dvigatelya,synonym
очиститель двигателя от масла,20,ochistiteli-dvigatelya,synonym
химия для мойки деталей двигателя,20,ochistiteli-dvigatelya,synonym
средства для мытья двигателя автомобиля,20,ochistiteli-dvigatelya,synonym
средство для мытья двигателя авто,20,ochistiteli-dvigatelya,synonym
химия для двигателя,10,ochistiteli-dvigatelya,synonym
очиститель двигателя автомобиля,10,ochistiteli-dvigatelya,synonym
мощный очиститель двигателя,10,ochistiteli-dvigatelya,synonym
средство для мытья мотора,10,ochistiteli-dvigatelya,synonym
средство для очистки двигателя снаружи,10,ochistiteli-dvigatelya,synonym
средство для мойки двигателя от масла,10,ochistiteli-dvigatelya,synonym
моющее средство для двигателя автомобиля,10,ochistiteli-dvigatelya,synonym
моющее средство для мойки двигателя,10,ochistiteli-dvigatelya,synonym
для очистки двигателя,10,ochistiteli-dvigatelya,synonym
очиститель поверхности двигателя,10,ochistiteli-dvigatelya,synonym
жидкость для очистки двигателя,10,ochistiteli-dvigatelya,synonym
купить химию для мойки двигателя,90,ochistiteli-dvigatelya,synonym
купить очиститель двигателя,50,ochistiteli-dvigatelya,synonym
купить средство для мойки двигателя,20,ochistiteli-dvigatelya,synonym
купить средство для очистки двигателя,10,ochistiteli-dvigatelya,synonym
средство для мойки двигателя цена,10,ochistiteli-dvigatelya,synonym
химия для мойки двигателя цена,10,ochistiteli-dvigatelya,synonym
очиститель двигателя цена,10,ochistiteli-dvigatelya,synonym
антибитум,50,antibitum,keyword
антибитум для авто,40,antibitum,keyword
очиститель битума,20,antibitum,keyword
удалитель битума,20,antibitum,keyword
средство от битума,30,antibitum,synonym
средство от битумных пятен,10,antibitum,synonym
антибитум купить,10,antibitum,synonym
купить антибитум для авто,20,antibitum,synonym
антибитум цена,10,antibitum,synonym
антимошка,320,antimoshka,keyword
антимошка для авто,320,antimoshka,keyword
очиститель от насекомых,10,antimoshka,keyword
средство от мошек на авто,50,antimoshka,synonym
антимошка на мойке,30,antimoshka,synonym
концентрат антимошка,20,antimoshka,synonym
антимошка на мойке самообслуживания,20,antimoshka,synonym
антимошка спрей,10,antimoshka,synonym
купить антимошку,20,antimoshka,synonym
антимошка цена,10,antimoshka,synonym
глина для авто,390,glina-i-avtoskraby,keyword
синяя глина для авто,140,glina-i-avtoskraby,keyword
автоскраб,90,glina-i-avtoskraby,keyword
глина для чистки авто,50,glina-i-avtoskraby,keyword
очищающая глина для кузова автомобиля,10,glina-i-avtoskraby,keyword
глина для чистки автомобиля,40,glina-i-avtoskraby,synonym
голубая глина для авто,20,glina-i-avtoskraby,synonym
автомобильная глина,20,glina-i-avtoskraby,synonym
глина для кузова автомобиля,20,glina-i-avtoskraby,synonym
глина для кузова авто,20,glina-i-avtoskraby,synonym
глина для полировки автомобиля,20,glina-i-avtoskraby,synonym
глина для полировки авто,20,glina-i-avtoskraby,synonym
глина для удаления загрязнений автомобиля,10,glina-i-avtoskraby,synonym
глина для очистки кузова автомобиля,10,glina-i-avtoskraby,synonym
глина для очистки авто,10,glina-i-avtoskraby,synonym
глина для очистки кузова авто,10,glina-i-avtoskraby,synonym
глина для очистки автомобиля,10,glina-i-avtoskraby,synonym
очищающая глина для авто,10,glina-i-avtoskraby,synonym
полировочная глина для авто,10,glina-i-avtoskraby,synonym
глина для полировки,10,glina-i-avtoskraby,synonym
глина для кузова,10,glina-i-avtoskraby,synonym
глина для мойки авто,10,glina-i-avtoskraby,synonym
полимерная глина для авто,10,glina-i-avtoskraby,synonym
глина для очистки кузова,10,glina-i-avtoskraby,synonym
глина для машины,10,glina-i-avtoskraby,synonym
глина для чистки машины,10,glina-i-avtoskraby,synonym
глина для мытья машины,10,glina-i-avtoskraby,synonym
купить синюю глину для авто,20,glina-i-avtoskraby,synonym
автоскраб купить,20,glina-i-avtoskraby,synonym
купить глину для автомобиля,10,glina-i-avtoskraby,synonym
купить глину для полировки авто,10,glina-i-avtoskraby,synonym
купить глину для очистки авто,10,glina-i-avtoskraby,synonym
глина для очистки кузова автомобиля купить,10,glina-i-avtoskraby,synonym
глина для полировки автомобиля купить,10,glina-i-avtoskraby,synonym
глина для чистки авто купить,10,glina-i-avtoskraby,synonym
авто глина купить,10,glina-i-avtoskraby,synonym
глина для авто цена,10,glina-i-avtoskraby,synonym
обезжириватель для авто,590,obezzhirivateli,keyword
обезжириватель для кузова авто,30,obezzhirivateli,keyword
обезжириватель для авто перед полировкой,20,obezzhirivateli,keyword
обезжириватель кузова перед полировкой,10,obezzhirivateli,keyword
обезжириватель кузова перед мойкой,10,obezzhirivateli,keyword
обезжириватель для полировки авто,10,obezzhirivateli,keyword
обезжириватель автомобильный,10,obezzhirivateli,synonym
обезжириватель кузова автомобиля,10,obezzhirivateli,synonym
обезжириватель для кузова,10,obezzhirivateli,synonym
обезжириватель для машины,10,obezzhirivateli,synonym
купить обезжириватель для авто,70,obezzhirivateli,synonym
купить обезжириватель для автомобиля,70,obezzhirivateli,synonym
обезжириватель автомобильный купить,10,obezzhirivateli,synonym
обезжириватель для авто цена,10,obezzhirivateli,synonym
полироль для наружного пластика авто,40,ukhod-za-naruzhnym-plastikom,keyword
восстановитель пластика авто,10,ukhod-za-naruzhnym-plastikom,keyword
чернитель для наружного пластика,10,ukhod-za-naruzhnym-plastikom,keyword
уход за бамперами,10,ukhod-za-naruzhnym-plastikom,keyword
полироль для наружного пластика автомобиля,40,ukhod-za-naruzhnym-plastikom,synonym
полироль для наружного пластика,10,ukhod-za-naruzhnym-plastikom,synonym
чернитель резины,1000,cherniteli-shin,keyword
чернение резины,390,cherniteli-shin,keyword
полироль для шин,90,cherniteli-shin,keyword
средства для чернения шин,90,cherniteli-shin,keyword
чернитель колёс,50,cherniteli-shin,keyword
полироль для колес,170,cherniteli-shin,synonym
полироль для резины,20,cherniteli-shin,synonym
чернение колес,20,cherniteli-shin,synonym
средства для чернения резины,10,cherniteli-shin,synonym
средство для ухода за шинами,10,cherniteli-shin,synonym
средство для ухода за резиной,10,cherniteli-shin,synonym
средство для резины,10,cherniteli-shin,synonym
средства для шин,10,cherniteli-shin,synonym
средство для обработки шин,10,cherniteli-shin,synonym
средство для шин авто,10,cherniteli-shin,synonym
средство для натирания шин,10,cherniteli-shin,synonym
полироль для резины автомобиля,10,cherniteli-shin,synonym
средства для ухода за резиной автомобиля,10,cherniteli-shin,synonym
купить чернитель резины,70,cherniteli-shin,synonym
чернитель шин купить,20,cherniteli-shin,synonym
средство для чернения резины купить,10,cherniteli-shin,synonym
купить средство для чернения шин,10,cherniteli-shin,synonym
защитное покрытие для дисков,10,keramika-dlya-diskov,keyword
керамика для колёсных дисков,10,keramika-dlya-diskov,keyword
нанокерамика для дисков,10,keramika-dlya-diskov,keyword
защитное покрытие для литых дисков,10,keramika-dlya-diskov,synonym
очиститель дисков,70,ochistiteli-diskov,keyword
химия для дисков,70,ochistiteli-diskov,keyword
средства для чистки дисков,50,ochistiteli-diskov,keyword
средство для очистки дисков,30,ochistiteli-diskov,keyword
химия для дисков автомобиля,20,ochistiteli-diskov,synonym
химия для дисков авто,20,ochistiteli-diskov,synonym
химия для чистки дисков,20,ochistiteli-diskov,synonym
химия для мойки дисков,20,ochistiteli-diskov,synonym
очиститель дисков авто,20,ochistiteli-diskov,synonym
очиститель колесных дисков,10,ochistiteli-diskov,synonym
средство для дисков,20,ochistiteli-diskov,synonym
средство для чистки дисков автомобиля,20,ochistiteli-diskov,synonym
средство для чистки дисков авто,20,ochistiteli-diskov,synonym
средство для очистки дисков автомобиля,20,ochistiteli-diskov,synonym
средство для очистки дисков авто,10,ochistiteli-diskov,synonym
средство для мойки дисков,20,ochistiteli-diskov,synonym
средство для мытья дисков автомобиля,10,ochistiteli-diskov,synonym
жидкость для чистки дисков,10,ochistiteli-diskov,synonym
средство для мойки литых дисков,10,ochistiteli-diskov,synonym
средство для чистки автомобильных дисков,10,ochistiteli-diskov,synonym
средства для чистки колесных дисков,10,ochistiteli-diskov,synonym
средство для чистки литых дисков,10,ochistiteli-diskov,synonym
купить средство для чистки дисков,0,ochistiteli-diskov,synonym
цена средства для чистки дисков авто,0,ochistiteli-diskov,synonym
очиститель шин,70,ochistiteli-shin,keyword
очиститель резины,10,ochistiteli-shin,keyword
средство для чистки шин,10,ochistiteli-shin,synonym
средство для очистки резины,10,ochistiteli-shin,synonym
очиститель для покрышек,10,ochistiteli-shin,synonym
купить очиститель шин,10,ochistiteli-shin,synonym
антидождь,1200,antidozhd,keyword
антидождь для автомобиля,320,antidozhd,keyword
гидрофобное покрытие для стекла,20,antidozhd,keyword
антидождь для зеркал авто,20,antidozhd,keyword
антидождь для авто,80,antidozhd,synonym
антидождь на лобовое стекло,10,antidozhd,synonym
покрытие для лобового стекла,10,antidozhd,synonym
средство антидождь купить,1000,antidozhd,synonym
антидождь авто купить,700,antidozhd,synonym
антидождь цена,200,antidozhd,synonym
купить антидождь,110,antidozhd,synonym
купить антидождь для стекол авто,10,antidozhd,synonym
очиститель стекла авто,210,ochistiteli-stekol,keyword
очиститель лобового стекла,90,ochistiteli-stekol,keyword
средство для стекол авто,40,ochistiteli-stekol,keyword
очиститель стекол автомобиля,210,ochistiteli-stekol,synonym
средство для очистки стекол автомобиля,20,ochistiteli-stekol,synonym
средство для очистки стекол авто,20,ochistiteli-stekol,synonym
средство для автомобильных стекол,10,ochistiteli-stekol,synonym
средство для чистки стекол авто,10,ochistiteli-stekol,synonym
жидкость для очистки стекол автомобиля,10,ochistiteli-stekol,synonym
средство для очистки автомобильных стекол,10,ochistiteli-stekol,synonym
средство для чистки стекол автомобиля,10,ochistiteli-stekol,synonym
очиститель стекла для автомобиля,10,ochistiteli-stekol,synonym
купить очиститель стекол авто,10,ochistiteli-stekol,synonym
очиститель стекол авто цена,10,ochistiteli-stekol,synonym
омыватель стекла зимний,1000,omyvatel,keyword
омыватель стекла,720,omyvatel,keyword
омыватель,260,omyvatel,keyword
омыватель стекла летний,140,omyvatel,keyword
стеклоомыватель,110,omyvatel,keyword
омыватель лобового стекла,110,omyvatel,keyword
омыватель для стекол,50,omyvatel,keyword
омыватель для машины,30,omyvatel,keyword
омыватель заднего стекла,20,omyvatel,keyword
омыватель стекла антимошка,10,omyvatel,keyword
зимний омыватель,320,omyvatel,synonym
омыватель летний,40,omyvatel,synonym
стеклоомыватель зимний,40,omyvatel,synonym
зимние омыватели стекол,10,omyvatel,synonym
жидкость стеклоомыватель для автомобиля,10,omyvatel,synonym
стеклоомыватель для автомобиля,10,omyvatel,synonym
летний стеклоомыватель,10,omyvatel,synonym
омывайка антимошка,10,omyvatel,synonym
стеклоомыватель в машине,10,omyvatel,synonym
купить омыватель стекла зимний,170,omyvatel,synonym
купить омыватель стекол зимний,170,omyvatel,synonym
купить омыватель стекла,50,omyvatel,synonym
купить зимний омыватель,40,omyvatel,synonym
купить омыватель,20,omyvatel,synonym
омыватель стекол купить,20,omyvatel,synonym
купить омыватель стекла авто,10,omyvatel,synonym
купить стеклоомыватель для авто,10,omyvatel,synonym
летний омыватель купить,10,omyvatel,synonym
зимний стеклоомыватель купить,10,omyvatel,synonym
купить стеклоомыватель,10,omyvatel,synonym
омыватели стекла цена,10,omyvatel,synonym
стеклоомыватель цена,10,omyvatel,synonym
стеклоомыватель зимний цена,10,omyvatel,synonym
полироль для стекла,590,polirol-dlya-stekla,keyword
полироль для стекла авто,50,polirol-dlya-stekla,keyword
средство для полировки лобового стекла,30,polirol-dlya-stekla,keyword
полироль для стекол автомобиля,50,polirol-dlya-stekla,synonym
полироль для автостекла,30,polirol-dlya-stekla,synonym
средство для полировки стекол автомобиля,10,polirol-dlya-stekla,synonym
купить полироль для стекла авто,10,polirol-dlya-stekla,synonym
полироль для стекла авто цена,10,polirol-dlya-stekla,synonym
торнадор,3600,apparaty-tornador,keyword
торнадор для химчистки авто,260,apparaty-tornador,keyword
tornador,140,apparaty-tornador,keyword
торнадор химчистка,210,apparaty-tornador,synonym
торнадор для химчистки салона,30,apparaty-tornador,synonym
торнадо для чистки салона,10,apparaty-tornador,synonym
торнадо для химчистки,10,apparaty-tornador,synonym
tornador химчистка,10,apparaty-tornador,synonym
чистка салона tornador,10,apparaty-tornador,synonym
торнадор для чистки салона автомобиля,10,apparaty-tornador,synonym
аппарат для химчистки tornador,10,apparaty-tornador,synonym
купить торнадор,390,apparaty-tornador,synonym
купить торнадор для химчистки,90,apparaty-tornador,synonym
купить торнадор для химчистки салона,50,apparaty-tornador,synonym
торнадор профессиональный купить,50,apparaty-tornador,synonym
купить tornador,40,apparaty-tornador,synonym
торнадор цена,10,apparaty-tornador,synonym
tornador цена,10,apparaty-tornador,synonym
торнадор для химчистки авто купить,10,apparaty-tornador,synonym
цена торнадор для химчистки,10,apparaty-tornador,synonym
tornador купить в украине,10,apparaty-tornador,synonym
оборудование для химчистки авто,90,oborudovanie,keyword
оборудование для мойки автомобилей,10,oborudovanie,keyword
оборудование для полировки автомобиля,10,oborudovanie,keyword
оборудование для моек авто,10,oborudovanie,synonym
оборудование для химчистки салонов авто,10,oborudovanie,synonym
оборудование для химчистки машины,10,oborudovanie,synonym
оборудование для чистки салона автомобиля,10,oborudovanie,synonym
оборудование химчистки автомобиля,10,oborudovanie,synonym
оборудование для мойки автомобилей цены,10,oborudovanie,synonym
оборудование для мойки машин цены,10,oborudovanie,synonym
оборудование для химчистки авто купить,10,oborudovanie,synonym
оборудование для химчистки авто цена,10,oborudovanie,synonym
автохимия опт,90,opt-i-b2b,keyword
автохимия от производителя,10,opt-i-b2b,keyword
автохимия производство,10,opt-i-b2b,keyword
автохимия поставщики,10,opt-i-b2b,keyword
автокосметика оптом,10,opt-i-b2b,keyword
химия для автомоек оптом,10,opt-i-b2b,keyword
производители автохимии украина,10,opt-i-b2b,synonym
автохимия оптом,10,opt-i-b2b,synonym
детейлинг химия оптом,10,opt-i-b2b,synonym
автокосметика оптом от производителя,10,opt-i-b2b,synonym
автохимия оптом от производителя,10,opt-i-b2b,synonym
автокосметика для автомоек,10,opt-i-b2b,synonym
химия для авто оптом,10,opt-i-b2b,synonym
автохимия по оптовым ценам,10,opt-i-b2b,synonym
купить автохимию оптом,10,opt-i-b2b,synonym
купить автокосметику оптом,10,opt-i-b2b,synonym
полировка авто,2400,polirovka,keyword
полировка кузова,480,polirovka,keyword
набор для полировки авто,480,polirovka,keyword
средства для полировки авто,50,polirovka,keyword
полировка авто своими руками,40,polirovka,keyword
полировка автомобиля,1000,polirovka,synonym
полировка машины,170,polirovka,synonym
всё для полировки,20,polirovka,synonym
круг для полировки авто,720,polirovalnye-krugi,keyword
круги для полировки,480,polirovalnye-krugi,keyword
полировальные круги,390,polirovalnye-krugi,keyword
диск для полировки авто,90,polirovalnye-krugi,keyword
круги для полировальной машины,90,polirovalnye-krugi,keyword
круг полировальный на липучке,40,polirovalnye-krugi,keyword
набор кругов для полировки авто,30,polirovalnye-krugi,keyword
круги для полировки автомобиля,590,polirovalnye-krugi,synonym
полировочные круги,260,polirovalnye-krugi,synonym
диск для полировки автомобиля,90,polirovalnye-krugi,synonym
полировальные круги для автомобиля,50,polirovalnye-krugi,synonym
полировальные круги для авто,50,polirovalnye-krugi,synonym
полировочные круги для авто,50,polirovalnye-krugi,synonym
диски для полировки,50,polirovalnye-krugi,synonym
круги для полировальной машинки,40,polirovalnye-krugi,synonym
минимальный набор для полировки авто,30,polirovalnye-krugi,synonym
круг для полировки кузова,30,polirovalnye-krugi,synonym
диск полировочный,30,polirovalnye-krugi,synonym
полировочный круг для машины,10,polirovalnye-krugi,synonym
круги для полировки машины,10,polirovalnye-krugi,synonym
круги на полировочную машинку,10,polirovalnye-krugi,synonym
полировочные круги на липучке,10,polirovalnye-krugi,synonym
полировальные круги для полировки автомобиля,10,polirovalnye-krugi,synonym
полировальные круги для полировки авто,10,polirovalnye-krugi,synonym
купить набор для полировки авто,90,polirovalnye-krugi,synonym
купить круг для полировки авто,70,polirovalnye-krugi,synonym
купить круг для полировки автомобиля,50,polirovalnye-krugi,synonym
купить полировальные круги,40,polirovalnye-krugi,synonym
купить полировальный круг для авто,30,polirovalnye-krugi,synonym
круг для полировки авто цена,10,polirovalnye-krugi,synonym
купить круг для полировки,10,polirovalnye-krugi,synonym
купить полировальный круг в украине,10,polirovalnye-krugi,synonym
полировальные круги для авто цена,10,polirovalnye-krugi,synonym
шерстяной круг для полировки,50,mekhovye,keyword
меховой круг для полировки,20,mekhovye,keyword
wool pad,10,mekhovye,keyword
меховой круг для полировки авто,10,mekhovye,synonym
шерстяной круг на полировальную машинку,10,mekhovye,synonym
круг из шерсти для полировки,10,mekhovye,synonym
купить меховой круг для полировки,10,mekhovye,synonym
шерстяной круг для полировки цена,10,mekhovye,synonym
аккумуляторная полировальная машина,260,akkumulyatornaya,keyword
полировальная машина на аккумуляторе,260,akkumulyatornaya,synonym
полировальная машинка на аккумуляторе,260,akkumulyatornaya,synonym
аккумуляторная полировальная машина для авто,90,akkumulyatornaya,synonym
полировальная машина для авто на аккумуляторе,20,akkumulyatornaya,synonym
купить аккумуляторную полировальную машинку,20,akkumulyatornaya,synonym
полировочная машинка на аккумуляторе,10,akkumulyatornaya,synonym
машинка для полировки авто на аккумуляторе,10,akkumulyatornaya,synonym
полировочная машинка,8100,polirovalnye-mashinki,keyword
машинка для полировки авто,1000,polirovalnye-mashinki,keyword
машинка для полировки,210,polirovalnye-mashinki,keyword
полировальная машина на аккумуляторе,260,polirovalnye-mashinki,keyword
машинка для полировки кузова,30,polirovalnye-mashinki,keyword
полировочная машинка для детейлинга,10,polirovalnye-mashinki,keyword
полировальная машина для автомобиля,1000,polirovalnye-mashinki,synonym
полировальная машина для авто,1000,polirovalnye-mashinki,synonym
полировочная машинка для автомобиля,1000,polirovalnye-mashinki,synonym
машинка для полировки автомобилей,1000,polirovalnye-mashinki,synonym
полировальная машина для полировки авто,260,polirovalnye-mashinki,synonym
полировочная машинка для полировки авто,260,polirovalnye-mashinki,synonym
полировальная машинка на аккумуляторе,260,polirovalnye-mashinki,synonym
машина для полировки авто,90,polirovalnye-mashinki,synonym
машина для полировки автомобиля,90,polirovalnye-mashinki,synonym
машина для полировки,70,polirovalnye-mashinki,synonym
полировочные машинки для авто,40,polirovalnye-mashinki,synonym
полировальные машинки для авто,40,polirovalnye-mashinki,synonym
полировальные машинки для автомобиля,30,polirovalnye-mashinki,synonym
полировочные машины,30,polirovalnye-mashinki,synonym
машинка для полировки кузова авто,20,polirovalnye-mashinki,synonym
машинка для полировки машины,20,polirovalnye-mashinki,synonym
полировочная машинка для машины,10,polirovalnye-mashinki,synonym
купить полировочную машинку,880,polirovalnye-mashinki,synonym
купить полировочную машинку для авто,320,polirovalnye-mashinki,synonym
купить машинку для полировки авто,210,polirovalnye-mashinki,synonym
купить машинку для полировки автомобиля,170,polirovalnye-mashinki,synonym
купить полировочную машину,110,polirovalnye-mashinki,synonym
купить полировальную машинку для авто в украине,70,polirovalnye-mashinki,synonym
купить полировочную машинку для автомобиля,50,polirovalnye-mashinki,synonym
полировочная машинка цена,20,polirovalnye-mashinki,synonym
купить полировочную машину для авто,20,polirovalnye-mashinki,synonym
купить машинку для полировки кузова авто,10,polirovalnye-mashinki,synonym
купить машинку для полировки кузова автомобиля,10,polirovalnye-mashinki,synonym
полировочная машинка для автомобиля цена,10,polirovalnye-mashinki,synonym
купить полировочная машинка в украине,10,polirovalnye-mashinki,synonym
купить полировочную машинку для авто в украине,10,polirovalnye-mashinki,synonym
купить полировочную машину для автомобиля,10,polirovalnye-mashinki,synonym
полировочные машинки для авто цены,10,polirovalnye-mashinki,synonym
полировочная паста,1600,polirovalnye-pasty,keyword
паста для полировки,320,polirovalnye-pasty,keyword
полировочная паста для авто от царапин,260,polirovalnye-pasty,keyword
паста для полировки кузова,40,polirovalnye-pasty,keyword
набор паст для полировки авто,20,polirovalnye-pasty,keyword
паста для полировки авто машинкой,10,polirovalnye-pasty,keyword
пасты для полировки авто,1000,polirovalnye-pasty,synonym
полировочная паста для авто,590,polirovalnye-pasty,synonym
полировальная паста для автомобиля,480,polirovalnye-pasty,synonym
полировочная паста для автомобиля,170,polirovalnye-pasty,synonym
паста авто,110,polirovalnye-pasty,synonym
пасты полировальные для авто,90,polirovalnye-pasty,synonym
паста для автомобиля,50,polirovalnye-pasty,synonym
полироль паста для авто,30,polirovalnye-pasty,synonym
паста для полировки машины,30,polirovalnye-pasty,synonym
полировальная паста,20,polirovalnye-pasty,synonym
полировочная паста для кузова авто,20,polirovalnye-pasty,synonym
паста для полировки кузова авто,20,polirovalnye-pasty,synonym
полировочная паста для кузова,20,polirovalnye-pasty,synonym
полировочная паста для кузова автомобиля,20,polirovalnye-pasty,synonym
полировальная паста для кузова автомобиля,20,polirovalnye-pasty,synonym
паста для полировки кузова автомобиля,20,polirovalnye-pasty,synonym
паста для полировки автомобиля,10,polirovalnye-pasty,synonym
полировочная паста для машины,10,polirovalnye-pasty,synonym
купить пасту для полировки авто,260,polirovalnye-pasty,synonym
купить пасту для полировки автомобиля,210,polirovalnye-pasty,synonym
купить полировочную пасту,140,polirovalnye-pasty,synonym
купить полировочную пасту для автомобиля,110,polirovalnye-pasty,synonym
купить полировочную пасту для авто,110,polirovalnye-pasty,synonym
купить полировальную пасту для автомобиля,30,polirovalnye-pasty,synonym
купить полировальную пасту для авто,30,polirovalnye-pasty,synonym
полировочная паста для авто цена,10,polirovalnye-pasty,synonym
полировальная паста купить,10,polirovalnye-pasty,synonym
химчистка салона авто,320,ukhod-za-intererom,keyword
уход за салоном авто,170,ukhod-za-intererom,keyword
средства для салона автомобиля,90,ukhod-za-intererom,keyword
автохимия для салона,30,ukhod-za-intererom,keyword
автокосметика для салона,10,ukhod-za-intererom,keyword
уход за салоном автомобиля,50,ukhod-za-intererom,synonym
чистка салона машины,20,ukhod-za-intererom,synonym
автохимия для салона авто,10,ukhod-za-intererom,synonym
автохимия для салона автомобиля,10,ukhod-za-intererom,synonym
автохимия для салона купить,10,ukhod-za-intererom,synonym
нейтрализаторы запаха,2400,neytralizatory-zapakha,keyword
поглотитель запаха,260,neytralizatory-zapakha,keyword
нейтрализатор запаха в автомобиле,170,neytralizatory-zapakha,keyword
профессиональный нейтрализатор запаха,170,neytralizatory-zapakha,keyword
устранитель запаха,90,neytralizatory-zapakha,keyword
нейтрализатор запахов в салоне авто,50,neytralizatory-zapakha,keyword
средство для удаления запаха в салоне автомобиля,30,neytralizatory-zapakha,keyword
устранение запаха в автомобиле,30,neytralizatory-zapakha,keyword
удаление запаха в машине,10,neytralizatory-zapakha,keyword
удалить запах в салоне автомобиля,10,neytralizatory-zapakha,keyword
нейтрализатор запаха в авто,140,neytralizatory-zapakha,synonym
нейтрализатор для авто,70,neytralizatory-zapakha,synonym
нейтрализатор запаха автомобильный,40,neytralizatory-zapakha,synonym
нейтрализатор запаха в машину,30,neytralizatory-zapakha,synonym
устранитель запахов в авто,20,neytralizatory-zapakha,synonym
устранитель запаха в машине,10,neytralizatory-zapakha,synonym
устранитель запаха в автомобиле,10,neytralizatory-zapakha,synonym
поглотитель запаха для автомобиля,10,neytralizatory-zapakha,synonym
поглотитель запаха для авто,10,neytralizatory-zapakha,synonym
поглотитель запаха автомобильный,10,neytralizatory-zapakha,synonym
поглотитель запаха в машину,10,neytralizatory-zapakha,synonym
нейтрализатор запахов в салоне,10,neytralizatory-zapakha,synonym
удаление запахов в автомобиле,10,neytralizatory-zapakha,synonym
устранение запаха в салоне автомобиля,10,neytralizatory-zapakha,synonym
устранение неприятных запахов в автомобиле,10,neytralizatory-zapakha,synonym
купить нейтрализатор запахов,90,neytralizatory-zapakha,synonym
устранитель запаха купить,10,neytralizatory-zapakha,synonym
поглотитель запахов купить,10,neytralizatory-zapakha,synonym
нейтрализатор запаха для автомобиля купить,10,neytralizatory-zapakha,synonym
полироль для салона автомобиля,390,poliroli-dlya-plastika,keyword
полироль для пластика автомобиля,320,poliroli-dlya-plastika,keyword
полироль для торпеды,260,poliroli-dlya-plastika,keyword
полироль для панели авто,170,poliroli-dlya-plastika,keyword
полироль для пластику авто,320,poliroli-dlya-plastika,synonym
полироль для торпеды автомобиля,170,poliroli-dlya-plastika,synonym
полироль для торпедо авто,140,poliroli-dlya-plastika,synonym
полироль для торпеды авто,140,poliroli-dlya-plastika,synonym
полироль для панели автомобиля,70,poliroli-dlya-plastika,synonym
полироль для салона,40,poliroli-dlya-plastika,synonym
полироль для пластика салона,20,poliroli-dlya-plastika,synonym
средство для ухода за пластиком авто,20,poliroli-dlya-plastika,synonym
средство для ухода за пластиком автомобиля,20,poliroli-dlya-plastika,synonym
полироль для пластика,10,poliroli-dlya-plastika,synonym
полироль для автомобильного пластика,10,poliroli-dlya-plastika,synonym
средство для ухода за пластиком,10,poliroli-dlya-plastika,synonym
средство для полировки салона автомобиля,10,poliroli-dlya-plastika,synonym
купить полироль для панели авто,10,poliroli-dlya-plastika,synonym
купить полироль для пластика,10,poliroli-dlya-plastika,synonym
купить полироль для пластика авто,10,poliroli-dlya-plastika,synonym
купить полироль для салона автомобиля,10,poliroli-dlya-plastika,synonym
купить полироль для торпеды автомобиля,10,poliroli-dlya-plastika,synonym
пятновыводитель,2400,pyatnovyvoditeli,keyword
пятновыводитель для салона авто,10,pyatnovyvoditeli,keyword
пятновыводитель для сидений авто,10,pyatnovyvoditeli,keyword
пятновыводитель для авто,10,pyatnovyvoditeli,synonym
пятновыводитель для автомобиля,10,pyatnovyvoditeli,synonym
пятновыводитель для машины,10,pyatnovyvoditeli,synonym
пятновыводитель для салона автомобиля,10,pyatnovyvoditeli,synonym
купить пятновыводитель,110,pyatnovyvoditeli,synonym
химия для чистки салона,590,sredstva-dlya-khimchistki-salona,keyword
химия для химчистки авто,390,sredstva-dlya-khimchistki-salona,keyword
средство для чистки салона авто,390,sredstva-dlya-khimchistki-salona,keyword
химия для салона авто,320,sredstva-dlya-khimchistki-salona,keyword
средство для химчистки салона авто,260,sredstva-dlya-khimchistki-salona,keyword
автохимия для салона,210,sredstva-dlya-khimchistki-salona,keyword
профессиональная химия для чистки салона авто,210,sredstva-dlya-khimchistki-salona,keyword
очиститель салона автомобиля,170,sredstva-dlya-khimchistki-salona,keyword
средство для чистки сидений авто,90,sredstva-dlya-khimchistki-salona,keyword
средство для чистки тканевого салона автомобиля,20,sredstva-dlya-khimchistki-salona,keyword
средство для чистки обивки салона автомобиля,10,sredstva-dlya-khimchistki-salona,keyword
средства для чистки потолка автомобиля,10,sredstva-dlya-khimchistki-salona,keyword
химия для текстиля авто,10,sredstva-dlya-khimchistki-salona,keyword
химия для химчистки автомобиля,390,sredstva-dlya-khimchistki-salona,synonym
средство для чистки салона автомобиля,390,sredstva-dlya-khimchistki-salona,synonym
химия для чистки салона автомобиля,260,sredstva-dlya-khimchistki-salona,synonym
химия для салона автомобиля,260,sredstva-dlya-khimchistki-salona,synonym
средство для химчистки салона автомобиля,260,sredstva-dlya-khimchistki-salona,synonym
химия для химчистки салона,170,sredstva-dlya-khimchistki-salona,synonym
химия для чистки салона авто,140,sredstva-dlya-khimchistki-salona,synonym
профессиональные средства для химчистки салона автомобиля,110,sredstva-dlya-khimchistki-salona,synonym
средство для химчистки салона,90,sredstva-dlya-khimchistki-salona,synonym
для чистки салона автомобиля,80,sredstva-dlya-khimchistki-salona,synonym
для химчистки салона,50,sredstva-dlya-khimchistki-salona,synonym
средство для чистки салона,50,sredstva-dlya-khimchistki-salona,synonym
химия для сидений авто,50,sredstva-dlya-khimchistki-salona,synonym
химия для химчистки салона авто,40,sredstva-dlya-khimchistki-salona,synonym
химия для салона,40,sredstva-dlya-khimchistki-salona,synonym
химия для чистки сидений авто,40,sredstva-dlya-khimchistki-salona,synonym
набор для химчистки салона авто,30,sredstva-dlya-khimchistki-salona,synonym
средства для химчистки,30,sredstva-dlya-khimchistki-salona,synonym
моющее средство для салона автомобиля,30,sredstva-dlya-khimchistki-salona,synonym
очиститель сидений авто,30,sredstva-dlya-khimchistki-salona,synonym
химия для химчистки салона автомобиля,30,sredstva-dlya-khimchistki-salona,synonym
чистящее средство для салона авто,20,sredstva-dlya-khimchistki-salona,synonym
чистящее средство для салона автомобиля,20,sredstva-dlya-khimchistki-salona,synonym
средства для химчистки автомобиля,20,sredstva-dlya-khimchistki-salona,synonym
химия для чистки сидений автомобиля,20,sredstva-dlya-khimchistki-salona,synonym
химия для мойки салона авто,20,sredstva-dlya-khimchistki-salona,synonym
очиститель для салона авто,20,sredstva-dlya-khimchistki-salona,synonym
средство для очистки салона авто,20,sredstva-dlya-khimchistki-salona,synonym
средство для химчистки авто,20,sredstva-dlya-khimchistki-salona,synonym
автохимия для салона авто,20,sredstva-dlya-khimchistki-salona,synonym
средство для чистки тканевого салона авто,10,sredstva-dlya-khimchistki-salona,synonym
химчистка для салона авто,10,sredstva-dlya-khimchistki-salona,synonym
для химчистки салона автомобиля,10,sredstva-dlya-khimchistki-salona,synonym
жидкость для химчистки салона,10,sredstva-dlya-khimchistki-salona,synonym
средство для химчистки салона машины,10,sredstva-dlya-khimchistki-salona,synonym
химия для чистки салона машины,10,sredstva-dlya-khimchistki-salona,synonym
автохимия для химчистки салона,10,sredstva-dlya-khimchistki-salona,synonym
автохимия для химчистки салона автомобиля,10,sredstva-dlya-khimchistki-salona,synonym
автохимия для чистки салона,10,sredstva-dlya-khimchistki-salona,synonym
автохимия для чистки салона автомобиля,10,sredstva-dlya-khimchistki-salona,synonym
жидкость для химчистки салона авто,10,sredstva-dlya-khimchistki-salona,synonym
все для химчистки салона автомобиля,10,sredstva-dlya-khimchistki-salona,synonym
все для химчистки салона,10,sredstva-dlya-khimchistki-salona,synonym
средство для химчистки автосалона,10,sredstva-dlya-khimchistki-salona,synonym
химия для очистки салона,10,sredstva-dlya-khimchistki-salona,synonym
средства для чистки салона машины,10,sredstva-dlya-khimchistki-salona,synonym
средство для чистки обивки салона,10,sredstva-dlya-khimchistki-salona,synonym
средство для чистки автомобильного салона,10,sredstva-dlya-khimchistki-salona,synonym
средство для чистки автосалона,10,sredstva-dlya-khimchistki-salona,synonym
средства для химической чистки салона автомобиля,10,sredstva-dlya-khimchistki-salona,synonym
средство для чистки ткани салона,10,sredstva-dlya-khimchistki-salona,synonym
очиститель салона,10,sredstva-dlya-khimchistki-salona,synonym
средство для чистки сидений автомобиля,10,sredstva-dlya-khimchistki-salona,synonym
купить химию для химчистки салона автомобиля,20,sredstva-dlya-khimchistki-salona,synonym
купить средство для химчистки салона автомобиля,20,sredstva-dlya-khimchistki-salona,synonym
купить очиститель салона авто,20,sredstva-dlya-khimchistki-salona,synonym
купить химию для чистки салона авто,70,sredstva-dlya-khimchistki-salona,synonym
химия для чистки салона автомобиля купить,50,sredstva-dlya-khimchistki-salona,synonym
купить средство для чистки салона автомобиля,50,sredstva-dlya-khimchistki-salona,synonym
купить средство для чистки салона авто,40,sredstva-dlya-khimchistki-salona,synonym
химчистка для салона авто купить,30,sredstva-dlya-khimchistki-salona,synonym
купить средство для химчистки салона авто,30,sredstva-dlya-khimchistki-salona,synonym
купить химию для химчистки салона,10,sredstva-dlya-khimchistki-salona,synonym
средство для химчистки салона купить,10,sredstva-dlya-khimchistki-salona,synonym
купить химчистку для салона автомобиля,10,sredstva-dlya-khimchistki-salona,synonym
купить химию для чистки салона,10,sredstva-dlya-khimchistki-salona,synonym
химия для салона авто купить,10,sredstva-dlya-khimchistki-salona,synonym
средство для химчистки салона автомобиля цена,10,sredstva-dlya-khimchistki-salona,synonym
средство для кожи авто,280,sredstva-dlya-kozhi,keyword
полироль для кожи автомобиля,50,sredstva-dlya-kozhi,keyword
химия для кожи авто,50,sredstva-dlya-kozhi,keyword
крем для кожи автомобиля,40,sredstva-dlya-kozhi,keyword
средство для кожаного салона,40,sredstva-dlya-kozhi,keyword
средство для чистки кожаного салона авто,30,sredstva-dlya-kozhi,keyword
автокосметика для кожи,10,sredstva-dlya-kozhi,keyword
средства для кожи автомобиля,140,sredstva-dlya-kozhi,synonym
средство для кожи салона автомобиля,70,sredstva-dlya-kozhi,synonym
средства для кожи салона автомобиля,30,sredstva-dlya-kozhi,synonym
средство для кожи,20,sredstva-dlya-kozhi,synonym
химия для чистки кожаного салона,10,sredstva-dlya-kozhi,synonym
средство для химчистки кожаного салона,10,sredstva-dlya-kozhi,synonym
средство для химчистки кожи автомобиля,10,sredstva-dlya-kozhi,synonym
средство для кожи салона авто,10,sredstva-dlya-kozhi,synonym
очиститель кожи автомобиля,170,ochistiteli-kozhi,keyword
средство для чистки кожи авто,70,ochistiteli-kozhi,keyword
средства для чистки кожаного салона автомобиля,40,ochistiteli-kozhi,keyword
химия для чистки кожи авто,20,ochistiteli-kozhi,keyword
средство для очистки кожи авто,20,ochistiteli-kozhi,keyword
средства для чистки кожаного салона,20,ochistiteli-kozhi,keyword
средство для кожи салона,10,ochistiteli-kozhi,keyword
средство для очистки кожи салона,10,ochistiteli-kozhi,keyword
средства для чистки кожи автомобиля,70,ochistiteli-kozhi,synonym
очиститель кожи авто,10,ochistiteli-kozhi,synonym
лучшее средство для чистки кожи авто,10,ochistiteli-kozhi,synonym
очиститель кожи салона автомобиля,10,ochistiteli-kozhi,synonym
средство для чистки кожи салона автомобиля,10,ochistiteli-kozhi,synonym
чистящее средство для кожи авто,10,ochistiteli-kozhi,synonym
средства для очистки кожи салона авто,10,ochistiteli-kozhi,synonym
купить очиститель кожи авто,20,ochistiteli-kozhi,synonym
купить средство для чистки кожи авто,10,ochistiteli-kozhi,synonym
уход за кожей авто,210,ukhod-za-kozhey,keyword
полироль для кожи,170,ukhod-za-kozhey,keyword
лучшее средство по уходу за кожей авто,140,ukhod-za-kozhey,keyword
средство по уходу за кожей авто,90,ukhod-za-kozhey,keyword
полироль для кожи авто,90,ukhod-za-kozhey,keyword
крем для кожи авто,70,ukhod-za-kozhey,keyword
набор для ухода за кожей авто,30,ukhod-za-kozhey,keyword
уход за кожей салона авто,20,ukhod-za-kozhey,keyword
уход за кожей автомобиля,140,ukhod-za-kozhey,synonym
средства по уходу за кожей автомобиля,50,ukhod-za-kozhey,synonym
крем для кожи автомобиля,40,ukhod-za-kozhey,synonym
для кожи автомобиля,30,ukhod-za-kozhey,synonym
уход за кожей салона автомобиля,20,ukhod-za-kozhey,synonym
средство за уходом кожаного салона,20,ukhod-za-kozhey,synonym
автохимия для кожаного салона,10,ukhod-za-kozhey,synonym
средства для ухода за кожей салона авто,10,ukhod-za-kozhey,synonym
лучшее средство для ухода за кожей автомобиля,10,ukhod-za-kozhey,synonym
средства для ухода за кожей салона автомобиля,10,ukhod-za-kozhey,synonym
лосьон для кожи авто,10,ukhod-za-kozhey,synonym
уход за кожей салона,10,ukhod-za-kozhey,synonym
уход за кожей в машине,10,ukhod-za-kozhey,synonym
средство для ухода за кожей салона,10,ukhod-za-kozhey,synonym
купить средство для ухода за кожей авто,20,ukhod-za-kozhey,synonym
уход за кожей автомобиля купить,10,ukhod-za-kozhey,synonym
полимер для авто,140,zashchitnye-pokrytiya,keyword
защитные покрытия для авто,70,zashchitnye-pokrytiya,keyword
покрытие для автомобиля,10,zashchitnye-pokrytiya,keyword
полимер для автомобиля,70,zashchitnye-pokrytiya,synonym
защитное покрытие на машину купить,10,zashchitnye-pokrytiya,synonym
купить защитное покрытие для авто,10,zashchitnye-pokrytiya,synonym
защитные покрытия автомобиля,10,zashchitnye-pokrytiya,variation
жидкое стекло для автомобилей,480,keramika-i-zhidkoe-steklo,keyword
нанокерамика,480,keramika-i-zhidkoe-steklo,keyword
нанокерамика для авто,390,keramika-i-zhidkoe-steklo,keyword
керамическое покрытие авто,170,keramika-i-zhidkoe-steklo,keyword
жидкое стекло для полировки авто,20,keramika-i-zhidkoe-steklo,keyword
керамика для авто,20,keramika-i-zhidkoe-steklo,keyword
нанокерамика для автомобиля,390,keramika-i-zhidkoe-steklo,synonym
нано керамика на авто,50,keramika-i-zhidkoe-steklo,synonym
жидкое стекло на машину,20,keramika-i-zhidkoe-steklo,synonym
керамика для кузова,20,keramika-i-zhidkoe-steklo,synonym
покрытие жидкое стекло для авто,10,keramika-i-zhidkoe-steklo,synonym
покрытие для автомобиля жидкое стекло,10,keramika-i-zhidkoe-steklo,synonym
жидкое стекло для кузова авто,10,keramika-i-zhidkoe-steklo,synonym
жидкое стекло на кузов,10,keramika-i-zhidkoe-steklo,synonym
жидкое стекло полироль для автомобиля,10,keramika-i-zhidkoe-steklo,synonym
нанокерамика для кузова автомобиля,10,keramika-i-zhidkoe-steklo,synonym
жидке стекло для авто,10,keramika-i-zhidkoe-steklo,synonym
купить жидкое стекло для авто,140,keramika-i-zhidkoe-steklo,synonym
жидкий стекло цена,90,keramika-i-zhidkoe-steklo,synonym
купить жидкое стекло для автомобиля,20,keramika-i-zhidkoe-steklo,synonym
купить жидкое стекло для полировки авто,20,keramika-i-zhidkoe-steklo,synonym
нанокерамика купить,20,keramika-i-zhidkoe-steklo,synonym
купить керамика для авто,20,keramika-i-zhidkoe-steklo,synonym
купить керамику для авто в украине,20,keramika-i-zhidkoe-steklo,synonym
нанокерамика для авто цена,20,keramika-i-zhidkoe-steklo,synonym
нанокерамика цена,10,keramika-i-zhidkoe-steklo,synonym
цена на жидкое стекло для авто,10,keramika-i-zhidkoe-steklo,synonym
жидкое стекло на машину цена,10,keramika-i-zhidkoe-steklo,synonym
купить полироль жидкое стекло,10,keramika-i-zhidkoe-steklo,synonym
холодный воск для автомобиля,110,kvik-deteylery,keyword
горячий воск для авто,90,kvik-deteylery,keyword
быстрый воск для авто,40,kvik-deteylery,keyword
воск для авто на автомойке,20,kvik-deteylery,keyword
быстрый блеск для авто,10,kvik-deteylery,keyword
квик-детейлер,10,kvik-deteylery,keyword
холодный воск для авто,90,kvik-deteylery,synonym
горячий воск для автомобиля,10,kvik-deteylery,synonym
холодный воск для сушки автомобиля,10,kvik-deteylery,synonym
купить холодный воск для авто,30,kvik-deteylery,synonym
купить холодный воск для автомобиля,30,kvik-deteylery,synonym
горячий воск для авто цена,10,kvik-deteylery,synonym
холодный воск для авто цена,10,kvik-deteylery,synonym
купить горячий воск для авто,10,kvik-deteylery,synonym
жидкий воск цена,10,kvik-deteylery,synonym
силант,50,silanty,keyword
силанты для авто,40,silanty,keyword
силант для кузова,10,silanty,keyword
силант для авто,30,silanty,synonym
силант покрытие,10,silanty,synonym
купить силант,10,silanty,synonym
автомобиль силант цена,10,silanty,synonym
силант цена,10,silanty,synonym
силант автомобиль,10,silanty,variation
воск для авто,1600,voski,keyword
воск для машины,210,voski,keyword
воск автомобильный,90,voski,keyword
воск для полировки авто,90,voski,keyword
воск для мойки авто,70,voski,keyword
воск для кузова авто,50,voski,keyword
восковый полироль для авто,50,voski,keyword
купить воск для авто,320,voski,synonym
купить воск для автомобиля,320,voski,synonym
купить воск для машины,30,voski,synonym
купить воск для полировки авто,20,voski,synonym
купить воск для мойки авто,20,voski,synonym
твёрдый воск для авто,1000,tverdyy-vosk,keyword
твёрдый воск,390,tverdyy-vosk,keyword
твёрдый воск для полировки авто,10,tverdyy-vosk,keyword
твёрдый воск для машины,10,tverdyy-vosk,synonym
купить твёрдый воск для авто,210,tverdyy-vosk,synonym
купить твёрдый воск для авто в украине,10,tverdyy-vosk,synonym
твёрдый воск для авто цена,10,tverdyy-vosk,synonym
купить твёрдый воск для машины,10,tverdyy-vosk,synonym
твёрдый воск купить,10,tverdyy-vosk,synonym
твёрдый воск для автомобиля цена,10,tverdyy-vosk,synonym
твёрдый воск цена,10,tverdyy-vosk,synonym
жидкий воск для авто,480,zhidkiy-vosk,keyword
жидкий воск,320,zhidkiy-vosk,keyword
жидкий воск для кузова,10,zhidkiy-vosk,keyword
жидкий воск для мойки авто,10,zhidkiy-vosk,keyword
жидкий воск для автомойки,10,zhidkiy-vosk,keyword
жидкий воск для автомобиля,20,zhidkiy-vosk,synonym
жидкий воск для машин,10,zhidkiy-vosk,synonym
жидкий воск для кузова автомобиля,10,zhidkiy-vosk,synonym
купить жидкий воск для авто,70,zhidkiy-vosk,synonym
купить жидкий воск,40,zhidkiy-vosk,synonym
купить жидкий воск для автомобиля,20,zhidkiy-vosk,synonym
купить жидкий воск для машины,10,zhidkiy-vosk,synonym
жидкий воск для авто цена,10,zhidkiy-vosk,synonym
