"Ключевое слово",Сложность,Частотность,"Интент запроса","Элементы поиска",Релевантность,CPC,Конкуренция
"керамика для авто",4,40,I,"Рейтинги, Видео, Похожие запросы, Картинки, AI Overview",,0.03,1
"керамика на автомобиль",3,480,I,"Рейтинги, Видео, Похожие запросы, Картинки, AI Overview, Related searches",61,0.03,1
"керамика на авто",3,480,I,"Рейтинги, Видео, Похожие запросы, Картинки, AI Overview, Related searches",95,0.03,1
"кераміка на авто",3,480,I,"Рейтинги, Видео, Похожие запросы, Картинки, AI Overview, Related searches",63,0.03,1
"нанокерамика для авто",3,320,I,"Рейтинги, Видео, Похожие запросы, Картинки, Related searches",21,0.03,0.99
"нанокерамика для автомобиля",3,320,I,"Рейтинги, Видео, Похожие запросы, Картинки, AI Overview, Related searches",17,0.03,0.99
нанокерамика,8,320,I,"Рейтинги, Видео, Похожие запросы, Картинки, Сеть знаний, Related searches",21,0.04,1
"купить керамику для авто",5,320,T,"Рейтинги, Видео, Картинки, Товары по запросу, Related searches",34,0.03,1
"купить керамику для автомобиля",5,320,T,"Рейтинги, Видео, Похожие запросы, Картинки, Товары по запросу, Related searches",47,0.03,1
"керамика для авто купить",5,260,T,"Рейтинги, Видео, Похожие запросы, Картинки, Товары по запросу, Related searches",40,0.03,1
"керамика для автомобиля купить",8,260,"L, T","Результаты карт, Рейтинги, Видео, Похожие запросы, Картинки, Товары по запросу, Related searches",29,0.03,1
"керамічне покриття авто",5,210,I,"Рейтинги, Видео, Похожие запросы, Картинки, AI Overview, Related searches",40,0.02,1
"що таке кераміка",13,170,I,"Рейтинги, Видео, Похожие запросы, Картинки, AI Overview, Related searches",6,0,0
"керамическое покрытие авто",3,170,I,"Рейтинги, Видео, Похожие запросы, Картинки, AI Overview, Related searches",40,0.03,1
"керамическое покрытие автомобиля",2,170,I,"Рейтинги, Видео, Похожие запросы, Картинки, AI Overview, Related searches",42,0.03,1
"кераміка на авто ціна",3,170,I,"Рейтинги, Видео, Похожие запросы, Картинки, AI Overview, Related searches",49,0.02,1
"керамічне покриття авто ціна",3,170,I,"Рейтинги, Видео, Похожие запросы, Картинки, AI Overview, Related searches",28,0.03,1
"для полировки авто",4,110,I,"Рейтинги, Видео, Похожие запросы, Картинки, AI Overview, Related searches",6,0.03,1
"керамічне покриття для авто",5,110,I,"Рейтинги, Видео, Похожие запросы, Картинки, AI Overview, Related searches",45,0.02,1
"жидкая керамика",6,90,I,"Похожие запросы, Картинки, Related searches",6,0.02,1
"жидкая керамика для авто",4,90,I,"Рейтинги, Видео, Похожие запросы, Картинки, Related searches",25,0.03,0.99
"керамическая тонировка цена",5,90,T,"Рейтинги, Видео, Похожие запросы, Картинки, Товары по запросу, Related searches",9,0.11,0.97
"купить керамику",6,70,"L, T","Результаты карт, Картинки, Товары по запросу, Related searches",13,0.13,0.97
"как наносить керамику на авто",7,70,I,"Картинки, Related searches",32,0,0.8
"керамика для авто цена",3,70,I,"Картинки, Related searches",34,0.03,1
"кераміка авто",4,70,I,"Похожие запросы, Картинки, Related searches",44,0.03,0.87
"керамика для автомобиля цена",4,70,I,"Картинки, Related searches",26,0.03,1
"покриття керамікою авто",3,70,I,"Картинки, AI Overview, Related searches",28,0.08,1
"нанесення кераміки на авто",3,70,I,"Рейтинги, Видео, Похожие запросы, Картинки, AI Overview, Related searches",39,0.1,0.99
"покриття авто керамікою",3,70,I,"Рейтинги, Видео, Похожие запросы, Картинки, AI Overview, Related searches",32,0.09,1
"авто керамика",3,50,I,"Похожие запросы, Картинки, Related searches",42,0.03,1
"керамика авто",3,40,I,"Похожие запросы, Картинки, Related searches",52,0.09,0.97
"керамика автомобиля",3,40,C,"Похожие запросы, Товары по запросу, AI Overview, Related searches",42,0.09,0.97
"покрытие авто керамикой",3,40,I,"Похожие запросы, Related searches",33,0.09,1
"покрытие автомобиля керамикой",3,40,I,"Похожие запросы, Картинки, AI Overview, Related searches",44,0.09,1
"керамика на авто цена",3,40,I,"Блоки с ответами, Похожие запросы, Картинки, Related searches",27,0.06,1
"покрытие керамикой авто",3,40,I,"Картинки, AI Overview, Related searches",39,0.14,0.89
"покрытие авто керамикой цена",3,40,I,"Блоки с ответами, Картинки, Related searches",22,0.06,0.89
"керамическое покрытие для авто",3,40,I,"Похожие запросы, Картинки, Related searches",31,0.02,1
"нанесение керамики на авто",5,40,I,"Похожие запросы, Картинки, AI Overview, Related searches",30,0.08,0.96
"покрытие керамикой авто цена",2,40,I,"Блоки с ответами, Картинки, Related searches",22,0.08,0.93
"керамическое покрытие",4,40,I,"Блоки с ответами, Картинки, Related searches",27,0.1,0.98
керамикой,13,40,I,"Похожие запросы, Сеть знаний, AI Overview, Related searches",26,0.08,0.64
"керамика для автомобиля",4,40,I,"Рейтинги, Видео, Похожие запросы, Картинки, Related searches",57,0.03,1
"керамический лак для авто",4,30,I,"Похожие запросы, Картинки, Related searches",6,0,0.96
"нанокерамика для авто купить",6,30,"L, T","Результаты карт, Рейтинги, Картинки, Related searches",15,0.03,1
"керамикс киев",10,30,"L, C","Результаты карт, Похожие запросы, Картинки, Related searches, Изображения",6,0.21,1
"жидкая керамика для авто купить",5,30,I,"Похожие запросы, Картинки, Related searches",14,0.03,1
"покриття кераміки",3,30,I,"Похожие запросы, Картинки, Related searches",23,0,0.1
"нанесение керамики на авто цена",2,30,I,"Картинки, AI Overview, Related searches",30,0.08,0.87
"керамическая тонировка авто",5,30,I,"Рейтинги, Видео, Похожие запросы, Картинки, Related searches",6,0.13,1
"нанесення кераміки на авто ціна",3,30,I,"Рейтинги, Видео, Похожие запросы, Картинки, AI Overview, Related searches",27,0.1,0.99
"нанокерамика для авто цена",5,20,I,"Похожие запросы, Картинки, Related searches",16,0,0.59
"полировка керамика",5,20,I,"Похожие запросы, Картинки, AI Overview, Related searches",23,0.14,1
"покрытие машины керамикой",4,20,I,"Похожие запросы, AI Overview, Related searches",40,0.1,1
"керамика на машину",3,20,C,"Блоки с ответами, Картинки, Товары по запросу, Related searches",39,0.15,1
"покрыть машину керамикой",4,20,I,"Картинки, AI Overview, Related searches",41,0.11,1
"покрытие керамикой",3,20,I,"Похожие запросы, Картинки, AI Overview, Related searches",43,0,0.45
"сколько стоит покрыть машину керамикой",2,20,I,"Рейтинги, Картинки, AI Overview, Related searches",26,0.08,0.98
"покрытие керамики",3,20,I,"Картинки, AI Overview, Related searches",31,0,0.45
"керамика для авто отзывы",6,20,I,"Похожие запросы, Картинки, Related searches",24,0,1
"покриття авто керамікою ціна",3,20,C,"Похожие запросы, Картинки, Товары по запросу, Related searches",27,0.05,0.97
"покриття керамікою авто ціна",2,20,I,"Похожие запросы, Картинки, Related searches",26,0.05,0.98
"нано керамическая тонировка",5,20,I,"Рейтинги, Видео, Похожие запросы, Картинки, Related searches",11,0,0.83
"защитное покрытие лкп автомобиля",3,10,I,"Похожие запросы, Картинки, Related searches",6,0,1
"нанесение защитного покрытия на автомобиль",3,10,I,"Рейтинги, Похожие запросы, Картинки, AI Overview, Related searches",7,0,0
"жидкая керамика авто",5,10,I,"Похожие запросы, Картинки, Related searches",27,0,0
"жидкая керамика купить",4,10,"L, T","Результаты карт, Рейтинги, Похожие запросы, Картинки, Related searches",8,0,1
"жидкая керамика на авто",5,10,I,"Похожие запросы, Картинки, Related searches",27,0,1
"жидкое стекло для авто купить киев",4,10,"L, T","Результаты карт, Картинки, Related searches",6,0,0
"нано покрытие авто",2,10,I,"Блоки с ответами, Похожие запросы, Картинки, Related searches",7,0,0
"полировка жидкое стекло цена",3,10,I,"Картинки, AI Overview, Related searches",9,0,0.43
"керамический лак для авто отзывы",5,10,I,"Похожие запросы, Картинки, AI Overview, Related searches",7,0,0
"полироль нанокерамика",4,10,I,"Похожие запросы, Картинки",10,0,0
"полировка кузова керамикой",4,10,"L, C","Результаты карт, Рейтинги, Похожие запросы, Картинки, AI Overview, Related searches",24,0,0.86
"нанокерамика киев",2,10,"L, C","Результаты карт, Рейтинги, Картинки, Related searches",12,0.21,0.46
"нанокерамика отзывы",5,10,I,"Похожие запросы, Картинки, Related searches",8,0,0
"нанокерамика купить",4,10,I,"Похожие запросы, Картинки",8,0,1
"нанокерамика авто",5,10,"L, C","Результаты карт, Рейтинги, Похожие запросы, Картинки, Related searches",21,0,0.06
"нанокерамика ceramic pro",3,10,"L, C","Результаты карт, Рейтинги, Картинки, Related searches",6,0,0
"нанокерамика авто отзывы",6,10,I,"Рейтинги, Картинки, AI Overview, Related searches",28,0,0
"нанокерамика в киеве",3,10,"L, C","Результаты карт, Рейтинги, Картинки, AI Overview, Related searches",9,0,0
"нанокерамика для двигателя",2,10,I,"Блоки с ответами, Картинки, Related searches",15,0,0
"нанокерамика для авто отзывы",6,10,I,"Картинки, AI Overview, Related searches",18,0,1
"нанокерамика на авто",4,10,"L, C","Результаты карт, Рейтинги, Похожие запросы, Картинки, Related searches",28,0,0.97
"нанокерамика полировка автомобиля",3,10,"L, C","Результаты карт, Рейтинги, Картинки, AI Overview, Related searches",23,0,0
"нанокерамика полировка",2,10,"L, C","Результаты карт, Рейтинги, Похожие запросы, Картинки, AI Overview, Related searches",20,0,0
"нанокерамика в украине",2,10,I,"Похожие запросы, Картинки, AI Overview, Related searches",14,0,0
"нанокерамика цена",4,10,I,"Рейтинги, Похожие запросы, Картинки, Related searches",19,0,0.21
"нанокерамика что это",8,10,I,"Похожие запросы, Сеть знаний, AI Overview, Related searches",12,0,0.1
"нанокерамика для кузова автомобиля",5,10,I,"Похожие запросы, Картинки, Related searches",19,0,0
"нанокерамика или жидкое стекло",6,10,I,"Картинки, AI Overview, Related searches",12,0,0
"нанокерамика жидкое стекло купить",3,10,"L, T","Результаты карт, Рейтинги, Похожие запросы, Картинки, Related searches",6,0,0
"полировка авто керамикой",4,10,"I, N","Рейтинги, Ссылки сайта, Похожие запросы, Картинки, AI Overview, Related searches",28,0.15,1
"полировка авто плюсы и минусы",5,10,I,"Рейтинги, Похожие запросы, Картинки",9,0,0.11
"полировка авто керамика",3,10,"L, C","Результаты карт, Рейтинги, Похожие запросы, Картинки, Related searches",24,0.15,1
"защитные покрытия кузова автомобиля",2,10,I,"Рейтинги, Картинки, Related searches",6,0,0.82
"защитное покрытие для кузова автомобиля",3,10,I,"Похожие запросы, Картинки, Related searches",6,0,1
"покрытие автомобиля",3,10,I,"Похожие запросы, Картинки, AI Overview, Related searches",10,0,1
"покрытие для машины",2,10,I,"Похожие запросы, Картинки, Related searches",6,0,1
"покрытие для авто",3,10,I,"Похожие запросы, Картинки, Related searches",11,0,1
"покрытие кузова автомобиля",3,10,"L, C","Результаты карт, Рейтинги, Картинки, AI Overview, Related searches",14,0,1
"защитное покрытие кузова внедорожника",3,10,I,"Похожие запросы, Картинки",7,0,0
"покрытие машины",2,10,I,"Рейтинги, Похожие запросы, Картинки, AI Overview, Related searches",10,0,0
"нано защита кузова автомобиля",2,10,I,"Блоки с ответами, Похожие запросы, Картинки, Related searches",10,0,0
"нанесение керамики",5,10,C,"Похожие запросы, Картинки, Товары по запросу, AI Overview, Related searches",21,0,0.82
"покрытие авто нанокерамикой",2,10,I,"Картинки, AI Overview, Related searches",24,0,0
"нанокерамика для кузова",4,10,C,"Картинки, Товары по запросу, Related searches",14,0,0
"покрытие нанокерамика",2,10,I,"Картинки, AI Overview, Related searches",21,0,1
"нанопокрытие для авто",2,10,I,"Похожие запросы, Картинки, Related searches",10,0,1
"купить нанокерамику для авто",4,10,T,"Картинки, Товары по запросу, Related searches",24,0.02,1
"керамик про цена",3,10,I,"Рейтинги, Картинки",8,0,0
"покрытие кузова керамикой",3,10,I,"Блоки с ответами, Похожие запросы, Related searches",34,0,1
"керамическая защита кузова",3,10,I,"Рейтинги, Картинки, Related searches",32,0,1
"защита кузова автомобиля керамикой",3,10,I,"Картинки, AI Overview, Related searches",35,0,0
"обработка кузова керамикой",4,10,I,"Похожие запросы, Картинки, AI Overview, Related searches",32,0,1
"полировка керамика авто",3,10,"L, C","Результаты карт, Рейтинги, Похожие запросы, Картинки, AI Overview, Related searches",24,0,0.86
"керамические покрытия для авто",3,10,I,"Картинки, Related searches",31,0,1
"купить керамик про",4,10,"L, T","Результаты карт, Related searches, Изображения",8,0,0
"что такое нанокерамика",7,10,I,"Картинки, Related searches",14,0,0
"обработка авто керамикой",2,10,I,"Рейтинги, Картинки, AI Overview, Related searches",36,0,1
"обработка кузова нанокерамикой",2,10,I,"Похожие запросы, Картинки, AI Overview, Related searches",14,0,0
"керамика покрытие авто",3,10,I,"Картинки, Related searches",7,0,1
"керамическое покрытие на авто",3,10,I,"Блоки с ответами, Похожие запросы, Related searches",36,0.02,1
"покрытие авто керамикой отзывы",6,10,I,"Рейтинги, Картинки, Related searches",24,0,0
"керамическое покрытие авто купить",4,10,I,"Рейтинги, Картинки, Related searches",24,0,1
"полировка керамик про",4,10,I,"Похожие запросы, Картинки, AI Overview, Related searches",12,0,0
"покрытие для автомобиля",3,10,I,"Похожие запросы, Картинки, Related searches",17,0,1
"жидкое стекло или нанокерамика",5,10,I,"Картинки, AI Overview, Related searches",11,0,0
"керамика кузова",3,10,I,"Похожие запросы, AI Overview, Related searches",42,0,0.7
"керамическое покрытие кузова автомобиля",3,10,I,"Похожие запросы, Картинки, Related searches",29,0,1
"керамическая краска для авто",3,10,I,"Картинки, Related searches",27,0,0
"нанокерамическое покрытие",2,10,I,"Блоки с ответами, Картинки, Related searches",13,0,0.64
"керамика на авто отзывы",7,10,I,"Рейтинги, Картинки, Related searches",19,0,0.14
"нано покрытие машины",2,10,I,"Картинки, AI Overview, Related searches",13,0,0
"покрытие машины керамикой отзывы",5,10,I,"Картинки, AI Overview, Related searches",27,0,0.71
"покрытие керамикой авто отзывы",7,10,I,"Рейтинги, Картинки, AI Overview, Related searches",28,0,0
"нанокерамическое покрытие кузова отзывы",3,10,I,"Похожие запросы, Картинки, AI Overview, Related searches",16,0,0
"защита авто от грязи",2,10,I,"Рейтинги, Похожие запросы, Картинки, Related searches",8,0,0
"нанопокрытие автомобиля отзывы",5,10,I,"Рейтинги, Картинки, AI Overview, Related searches",9,0,1
"керамическое покрытие кузова",3,10,I,"Блоки с ответами, Похожие запросы, Related searches",35,0,0
"керамическое покрытие авто отзывы",5,10,I,"Похожие запросы, Картинки, AI Overview, Related searches",21,0,1
"керамическое покрытие авто цена",3,10,I,"Картинки, Related searches",23,0.06,0.83
"керамическая полировка",3,10,"L, C","Блоки с ответами, Результаты карт, Рейтинги, Картинки, Товары по запросу, Related searches",25,0,1
"керамическая полировка авто отзывы",6,10,I,"Рейтинги, Картинки, Related searches",23,0,0
"керамическое защитное покрытие кузова",2,10,I,"Картинки, Related searches",24,0,0
"керамическая полировка автомобиля",3,10,"L, N","Результаты карт, Рейтинги, Ссылки сайта, Похожие запросы, Картинки, AI Overview, Related searches",29,0.03,1
"керамик про отзывы",6,10,C,"Похожие запросы, Картинки, Товары по запросу",6,0,0
"керамическая защита кузова автомобиля",3,10,I,"Блоки с ответами, Похожие запросы, Картинки, Related searches",27,0,0
"керамическая обработка кузова",4,10,I,"Похожие запросы, Related searches",32,0,1
"керамическая полировка кузова",3,10,"L, C","Результаты карт, Рейтинги, Похожие запросы, Картинки, AI Overview, Related searches",27,0,0
"керамическая полировка цена",2,10,I,"Похожие запросы, Картинки, AI Overview, Related searches",18,0,0
"керамическая полировка отзывы",6,10,I,"Похожие запросы, Картинки, AI Overview, Related searches",16,0,0
"жидкое стекло или керамика",5,10,"I, N","Ссылки сайта, Картинки, AI Overview",8,0,0.51
"керамические покрытия",3,10,I,"Картинки, Related searches",20,0,1
"жидкое стекло покрытие авто",3,10,I,"Блоки с ответами, Related searches",7,0,0
"покрытие на машину",3,10,I,"Картинки, Related searches",13,0,1
"нанесение керамического покрытия",4,10,I,"Картинки, AI Overview, Related searches",28,0,0
"сколько стоит покрыть авто жидким стеклом",2,10,I,"Рейтинги, Картинки, Related searches",6,0,0
"покрытие стеклом автомобиля",2,10,I,"Похожие запросы, Картинки, AI Overview, Related searches",6,0,0
"керамическое покрытие авто спб",7,10,"L, C","Результаты карт, Рейтинги, Related searches",7,0,0
"обработка кузова жидким стеклом цена",3,10,I,"Картинки, AI Overview, Related searches",6,0,0
"покрытие машины жидким стеклом цена",3,10,I,"Картинки, Related searches",6,0,0
"покрытие кузова жидким стеклом отзывы",6,10,I,"Похожие запросы, Картинки",7,0,0
"покрытие кузова жидким стеклом цена",3,10,I,"Картинки, AI Overview, Related searches",7,0,0
"облить машину жидким стеклом цена",3,10,I,"Картинки, Related searches",6,0,0
"сколько стоит облить машину жидким стеклом",2,10,I,"Картинки, Related searches",7,0,0
"покрытие машины жидким стеклом отзывы",5,10,I,"Похожие запросы",6,0,1
"покрытие жидким стеклом автомобиля цены",3,10,I,"Похожие запросы, Картинки, AI Overview, Related searches",8,0,0
"покрытие автомобиля жидким стеклом стоимость",3,10,I,"Похожие запросы, Картинки, AI Overview, Related searches",6,0,0
"нанесение жидкого стекла на авто цена",2,10,I,"Картинки, AI Overview, Related searches",8,0,0
"жидкое стекло для авто плюсы и минусы",5,10,I,"Картинки, AI Overview, Related searches",7,0,1
"покрыть машину жидким стеклом отзывы",5,10,I,"Похожие запросы, Картинки, AI Overview",6,0,0
"купить керамику в украине",5,10,I,"Рейтинги, Похожие запросы, Картинки, Related searches",7,0,0
"покрытие авто жидким винилом",3,10,I,"Картинки, AI Overview",10,0,0
"керамика на кожу",7,10,I,"Похожие запросы, Картинки, AI Overview",6,0,1
"полировка авто и покрытие керамикой",3,10,I,"Похожие запросы, Картинки, AI Overview, Related searches",32,0,0
"керамика для авто с алиэкспресс",10,10,I,"Рейтинги, Картинки, AI Overview",6,0,0
"керамика для авто как наносить",7,10,I,"Картинки, AI Overview, Related searches",37,0,1
"керамика для авто какую выбрать",5,10,I,"Картинки, AI Overview, Related searches",30,0,0
"нанокерамика на автомобиль",2,10,I,"Похожие запросы, Картинки, Related searches",19,0,0.97
"нанокерамика на авто цена",5,10,"L, T","Результаты карт, Рейтинги, Похожие запросы, Картинки, Related searches",13,0,0.2
"чем лучше покрыть кузов автомобиля",3,10,I,"Похожие запросы, Картинки, AI Overview",9,0,1
"что такое нанокерамика для авто",3,10,I,"Похожие запросы, Картинки, AI Overview, Related searches",21,0,0.36
"как самому нанести керамику",7,10,I,"Похожие запросы, Картинки, AI Overview, Related searches",21,0,0.19
"как правильно наносить керамику",8,10,I,"Похожие запросы, Картинки, AI Overview, Related searches",14,0,0.14
"сколько слоев керамики наносить",7,10,I,"Похожие запросы, AI Overview, Related searches",24,0,0
"сколько держится керамика на машине",6,10,I,"Похожие запросы, Картинки, AI Overview, Related searches",27,0,0
"можно ли полировать керамику",6,10,I,"Похожие запросы, Картинки, AI Overview, Related searches",23,0,0
"можно ли наносить керамику без полировки",7,10,I,"Похожие запросы, Картинки, AI Overview, Related searches",27,0,0
"что такое керамическое покрытие",5,10,I,"Похожие запросы, AI Overview, Related searches",26,0,0.43
"сколько стоит керамическое покрытие автомобиля",3,10,I,"Блоки с ответами, Картинки, Related searches",26,0,0.43
"чем лучше покрыть машину",3,10,I,"Похожие запросы, AI Overview, Related searches",12,0,0
"что такое керамика для автомобиля",5,10,I,"Картинки, AI Overview, Related searches",46,0,0.34
"жидкая керамика для авто отзывы",8,10,I,"Похожие запросы, Картинки, Related searches",14,0,0.75
"керамическая обработка автомобиля",2,10,I,"Блоки с ответами, Картинки, AI Overview, Related searches",36,0,0.86
"керамическая защита авто",3,10,C,"Картинки, Товары по запросу, AI Overview, Related searches",27,0,0
"нанокерамика купить украина",4,0,I,"Картинки, Related searches",6,0,0
"покрытие дисков керамикой и воском",5,0,C,"Похожие запросы, Картинки, Товары по запросу, Related searches",7,0,0
"покрытие керамикой киев",2,0,"L, N","Результаты карт, Рейтинги, Ссылки сайта, Картинки, Related searches",13,0,0
"нано покрытие кузова авто",2,0,I,"Картинки, AI Overview, Related searches",9,0,0
"где покрыть автомобиль керамикой",2,0,I,"Картинки, AI Overview, Related searches",34,0,0
"нано лак для авто отзывы",5,0,I,"Рейтинги, Похожие запросы, Картинки",6,0,0
"защита кузова нанокерамикой киев",1,0,"L, C","Результаты карт, Рейтинги, Картинки, Нижняя реклама, AI Overview, Related searches",11,0,0
"нанокерамика сидений",3,0,I,"Картинки, AI Overview, Related searches",8,0,0
"авто керамика киев",3,0,"L, C","Результаты карт, Рейтинги, Картинки, Related searches",14,0,0
"керамическая пленка на авто",3,0,I,"Картинки, Related searches",11,0,0
"покриття керамікою кузова",4,0,C,"Блоки с ответами, Рейтинги, Картинки, Товары по запросу, Related searches",26,0,0
"нанокерамика коже",3,0,I,"Похожие запросы, Картинки, AI Overview",8,0,0
"нанокераміка авто",3,0,"L, C","Блоки с ответами, Результаты карт, Рейтинги, Похожие запросы, Картинки, Related searches",13,0,0
"нанокераміка інтер'єру",4,0,I,"Картинки, Related searches",7,0,0
"нанокераміка інтер єру",5,0,I,"Рейтинги, Картинки, Related searches",7,0,0
"нанокераміка кузова",2,0,"L, C","Блоки с ответами, Результаты карт, Рейтинги, Похожие запросы, Картинки, AI Overview, Related searches",18,0,0
"нанесение защитных покрытий на авто",2,0,I,"Рейтинги, Картинки, AI Overview, Related searches",7,0,0
"нанокерамика интерьера авто",2,0,I,"Блоки с ответами, Рейтинги, Похожие запросы, Картинки, AI Overview, Related searches",12,0,0
"захист авто нанокерамікою",2,0,I,"Блоки с ответами, Картинки, AI Overview, Related searches",11,0,0
"керамічна обробка автомобіля",4,0,I,"Похожие запросы, Картинки, AI Overview, Related searches",26,0,0
"обробка кузова нанокерамікою",3,0,I,"Картинки, AI Overview, Related searches, Реклама в середине",12,0,0
"керамічний захист авто",2,0,I,"Блоки с ответами, Похожие запросы, Картинки, AI Overview, Related searches",30,0,0
"керамічна захисна обробка кузова",3,0,C,"Картинки, Товары по запросу, Related searches",11,0,0
"нанокерамічне покриття авто",2,0,I,"Похожие запросы, Картинки, AI Overview, Related searches",10,0,0
"керамічне покриття кузова",4,0,I,"Картинки, AI Overview, Related searches",24,0,0
"защита авто нанокерамикой",3,0,I,"Картинки, AI Overview, Related searches",20,0,0
"нанесение нанокерамического покрытия",3,0,I,"Похожие запросы, Картинки, AI Overview, Related searches",18,0,0
"нанокерамическая защита",2,0,I,"Блоки с ответами, Похожие запросы, Картинки, Related searches",10,0,0
"керамическая защитная обработка кузова",2,0,I,"Похожие запросы, Картинки, AI Overview, Related searches",24,0,0
"нанокерамическое покрытие авто",2,0,I,"Картинки, AI Overview, Related searches",17,0,0
"керамічне покриття для дисків",3,0,I,"Блоки с ответами, Картинки",7,0,0
"купити покриття авто",4,0,I,"Картинки, Related searches",7,0,0
